#{"t_start": 1773916785.3520246, "env_id": "BreakoutNoFrameskip-v4"}
r,l,t
0.0,535,0.364205
0.0,506,0.5332
3.0,1076,0.881196
1.0,649,1.09286
0.0,525,1.267886
1.0,644,1.47489
2.0,808,1.744953
1.0,704,1.98499
4.0,1155,2.36392
1.0,628,2.573741
3.0,1106,2.945796
3.0,1098,3.311739
2.0,816,3.588546
0.0,517,3.766486
1.0,635,3.986578
1.0,636,4.193836
1.0,721,4.433803
0.0,509,4.608632
0.0,524,4.784468
2.0,822,5.082605
0.0,519,5.257902
0.0,521,5.429594
0.0,529,5.604526
1.0,618,5.809814
2.0,825,6.082263
0.0,522,6.264848
1.0,692,6.487335
3.0,1001,6.8126
3.0,1090,7.17063
4.0,1049,7.516997
3.0,1089,7.868689
3.0,942,8.179616
3.0,1100,8.556719
0.0,519,8.738163
1.0,645,8.962317
1.0,713,9.197748
2.0,778,9.452993
2.0,833,9.725796
2.0,896,10.01959
4.0,1140,10.386864
1.0,638,10.594097
0.0,520,10.765756
0.0,533,10.941285
2.0,885,11.241727
4.0,1194,11.64447
1.0,700,11.878118
2.0,919,12.18195
0.0,524,12.352631
2.0,898,12.648527
2.0,890,12.944787
0.0,523,13.117758
0.0,535,13.290819
1.0,708,13.521935
0.0,501,13.688054
0.0,501,13.853628
4.0,1305,14.293384
0.0,541,14.464653
3.0,1020,14.815768
1.0,629,15.277831
1.0,653,15.75302
2.0,842,16.358895
1.0,625,16.799672
1.0,724,17.313177
0.0,540,17.695464
1.0,628,18.150205
0.0,540,18.548051
2.0,830,19.139897
2.0,833,19.737394
0.0,516,20.115628
0.0,535,20.486871
0.0,540,20.869597
0.0,518,21.240899
1.0,631,21.708563
0.0,503,22.078063
5.0,1197,22.987013
0.0,535,23.372676
0.0,516,23.762645
3.0,1022,24.565861
0.0,543,24.980716
1.0,705,25.518112
0.0,507,25.891072
1.0,718,26.422973
0.0,539,26.815248
2.0,833,27.436116
4.0,1126,28.320218
1.0,708,28.891172
1.0,633,29.359667
1.0,680,29.873221
0.0,527,30.261319
1.0,721,30.793989
0.0,522,31.176907
1.0,640,31.647757
0.0,537,32.035707
1.0,633,32.521874
0.0,520,32.907017
2.0,791,33.50403
2.0,820,34.133295
2.0,810,34.754359
0.0,539,35.175572
0.0,532,35.580963
8.0,1127,36.488215
2.0,759,37.069882
2.0,889,37.800606
5.0,1316,38.898396
0.0,515,39.312709
0.0,505,39.699264
4.0,1196,40.683665
4.0,1196,41.662277
0.0,527,42.068423
0.0,502,42.459167
2.0,814,43.104324
3.0,1032,43.930876
0.0,542,44.353447
3.0,1030,45.22163
0.0,514,45.636817
1.0,629,46.146503
2.0,822,46.812702
0.0,531,47.221995
0.0,538,47.649154
1.0,625,48.14394
4.0,1225,49.154336
0.0,536,49.581394
0.0,543,50.014571
4.0,1208,51.02624
0.0,540,51.443748
0.0,535,51.866787
0.0,536,52.283491
0.0,535,52.707972
3.0,946,53.466952
0.0,537,53.879888
0.0,529,54.312093
0.0,511,54.724201
1.0,633,55.267571
5.0,1422,56.485141
0.0,519,56.897897
0.0,503,57.305042
1.0,641,57.828828
0.0,519,58.250268
2.0,890,58.98137
0.0,540,59.392868
0.0,524,59.818769
0.0,515,60.234713
1.0,621,60.765174
0.0,540,61.181331
4.0,1218,62.194567
1.0,653,62.717636
0.0,497,63.111133
4.0,1212,64.124202
0.0,527,64.554134
0.0,539,64.994368
2.0,804,65.683055
9.0,1640,67.043347
2.0,818,67.705796
3.0,942,68.473643
2.0,771,69.104567
0.0,540,69.527392
5.0,1406,70.712387
1.0,649,71.229074
0.0,523,71.631677
0.0,528,72.036709
5.0,1281,73.112988
0.0,516,73.52892
0.0,532,73.944163
0.0,524,74.362651
4.0,1218,75.400913
5.0,1402,76.57095
3.0,1014,77.408928
2.0,748,78.025138
5.0,1406,79.196904
0.0,526,79.614509
1.0,645,80.13648
0.0,527,80.552166
0.0,528,80.964381
4.0,1089,81.853004
3.0,1034,82.691515
0.0,532,83.10112
0.0,543,83.519136
5.0,1360,84.649362
0.0,524,85.098143
1.0,735,85.684236
5.0,1205,86.663869
0.0,539,87.08316
0.0,524,87.512914
0.0,517,87.934379
4.0,1133,88.893206
1.0,645,89.414817
0.0,531,89.846133
2.0,824,90.537081
2.0,819,91.201855
0.0,507,91.608489
2.0,803,92.26782
0.0,501,92.673184
2.0,811,93.337355
2.0,806,93.995869
1.0,714,94.55804
0.0,539,94.998123
0.0,543,95.43053
0.0,523,95.859328
0.0,516,96.277475
2.0,758,96.886872
3.0,1006,97.732736
0.0,537,98.160316
2.0,763,98.777208
0.0,534,99.203147
1.0,616,99.701116
2.0,825,100.378757
0.0,511,100.786994
0.0,532,101.206082
0.0,531,101.615387
2.0,821,102.274326
0.0,537,102.684458
2.0,799,103.330366
0.0,539,103.743696
0.0,527,104.156738
0.0,514,104.567481
0.0,526,104.988301
0.0,527,105.423478
3.0,988,106.249909
0.0,534,106.674132
0.0,515,107.087725
1.0,704,107.662394
0.0,543,108.081836
0.0,501,108.487669
0.0,537,108.909049
0.0,523,109.345098
0.0,539,109.759283
0.0,506,110.158799
0.0,541,110.579674
0.0,523,110.998117
0.0,539,111.412716
1.0,718,111.984175
0.0,528,112.397592
2.0,805,113.051652
4.0,1100,113.946919
0.0,532,114.368984
0.0,497,114.778655
2.0,810,115.482268
3.0,1016,116.326541
0.0,517,116.73881
2.0,820,117.401405
3.0,1009,118.223997
0.0,537,118.633528
0.0,535,119.053168
2.0,806,119.721832
0.0,517,120.13864
0.0,516,120.569538
0.0,515,120.98367
0.0,539,121.417042
1.0,726,122.007494
0.0,526,122.438781
2.0,811,123.10825
0.0,539,123.536943
0.0,524,123.955598
5.0,1410,125.190948
0.0,516,125.607963
4.0,1196,126.600698
2.0,812,127.252583
0.0,519,127.66837
0.0,525,128.083265
0.0,520,128.50281
0.0,540,128.925858
0.0,515,129.341675
0.0,515,129.762111
0.0,527,130.203043
0.0,543,130.623539
0.0,509,131.024923
0.0,499,131.429894
5.0,1374,132.583757
4.0,1232,133.588698
1.0,721,134.175173
1.0,647,134.700626
0.0,543,135.14838
3.0,1018,136.001215
0.0,528,136.434494
0.0,527,136.876633
0.0,520,137.295093
2.0,820,137.969364
4.0,1002,138.787782
2.0,803,139.444193
0.0,517,139.859583
0.0,542,140.282952
3.0,877,140.992063
0.0,522,141.405135
2.0,761,142.007363
0.0,532,142.419616
3.0,1004,143.233265
0.0,516,143.636952
2.0,803,144.286117
0.0,535,144.710072
0.0,519,145.136086
0.0,531,145.560809
0.0,541,145.993302
1.0,637,146.520492
1.0,655,147.045057
0.0,527,147.473028
1.0,649,147.995698
0.0,541,148.417305
0.0,543,148.839461
3.0,1004,149.667233
0.0,517,150.080727
0.0,534,150.506471
0.0,513,150.916324
0.0,535,151.334437
5.0,1383,152.480823
3.0,887,153.200739
6.0,1446,154.418685
3.0,1004,155.278066
0.0,519,155.694249
0.0,524,156.124271
2.0,813,156.806136
0.0,515,157.225698
2.0,808,157.886448
4.0,1208,158.90398
0.0,526,159.325683
0.0,514,159.749797
5.0,1403,160.943823
2.0,791,161.594147
0.0,540,162.010248
4.0,1204,163.015748
2.0,817,163.666439
4.0,1103,164.565204
1.0,713,165.162942
2.0,818,165.83592
3.0,1078,166.752962
0.0,520,167.171232
0.0,537,167.6023
4.0,1102,168.528079
2.0,812,169.185846
3.0,1021,170.007625
3.0,1016,170.82692
1.0,680,171.36271
2.0,819,172.024724
0.0,514,172.434635
0.0,518,172.847147
2.0,769,173.465163
0.0,527,173.880831
7.0,1027,174.730811
0.0,541,175.175094
0.0,526,175.602696
0.0,529,176.008272
2.0,805,176.666382
0.0,543,177.090736
0.0,517,177.498149
0.0,516,177.910897
1.0,633,178.420573
1.0,624,178.928604
3.0,889,179.644619
0.0,528,180.062647
2.0,810,180.7207
0.0,507,181.117921
0.0,531,181.545491
5.0,1434,182.724172
0.0,528,183.144475
2.0,810,183.805617
1.0,657,184.322058
2.0,801,184.99398
0.0,516,185.418379
0.0,524,185.844442
0.0,517,186.273517
0.0,524,186.723819
0.0,521,187.143982
0.0,520,187.563998
2.0,749,188.178798
3.0,1018,189.01898
0.0,531,189.439865
0.0,516,189.858955
1.0,692,190.422755
0.0,493,190.821913
0.0,538,191.247916
3.0,881,191.96435
0.0,535,192.385681
0.0,511,192.791058
0.0,528,193.21028
0.0,532,193.632591
3.0,1000,194.451787
0.0,528,194.880885
0.0,539,195.317679
5.0,1278,196.377958
1.0,622,196.883786
0.0,543,197.305394
2.0,889,198.05524
0.0,535,198.482892
2.0,763,199.10215
2.0,826,199.781841
0.0,531,200.203218
0.0,524,200.643201
2.0,760,201.272183
3.0,1018,202.104822
0.0,537,202.526126
0.0,520,202.939023
0.0,541,203.354774
0.0,523,203.777093
0.0,532,204.206013
0.0,527,204.622778
0.0,500,205.060465
4.0,1208,206.05048
0.0,524,206.470165
0.0,535,206.883265
0.0,520,207.289254
2.0,823,207.96231
0.0,524,208.384131
2.0,769,209.008087
6.0,1396,210.168974
0.0,527,210.608065
0.0,520,211.024252
3.0,933,211.802364
2.0,763,212.416081
0.0,520,212.835471
2.0,882,213.548428
5.0,1187,214.526367
0.0,537,214.961063
1.0,631,215.504774
0.0,508,215.914859
0.0,519,216.339561
1.0,649,216.862082
2.0,791,217.543674
0.0,524,217.971181
0.0,520,218.401394
0.0,508,218.824645
0.0,523,219.238761
0.0,521,219.652609
0.0,543,220.074198
2.0,829,220.755181
0.0,521,221.177679
8.0,1271,222.242437
0.0,528,222.668724
0.0,539,223.096609
0.0,521,223.523665
0.0,537,223.953693
0.0,536,224.390274
0.0,527,224.823276
1.0,605,225.335524
0.0,499,225.7488
3.0,934,226.520155
0.0,543,226.95139
2.0,757,227.57076
3.0,988,228.397865
2.0,818,229.091618
5.0,1410,230.308578
0.0,516,230.743329
0.0,531,231.170695
0.0,536,231.593483
1.0,651,232.116007
1.0,641,232.642468
2.0,810,233.312558
1.0,702,233.899065
0.0,531,234.327791
3.0,1092,235.280576
0.0,532,235.709988
0.0,507,236.135184
4.0,1228,237.153934
3.0,1024,237.992675
3.0,996,238.824417
2.0,814,239.489465
2.0,810,240.145876
9.0,1620,241.510318
1.0,657,242.035935
3.0,1014,242.890695
0.0,510,243.292679
0.0,521,243.705616
0.0,519,244.124799
0.0,539,244.546093
0.0,543,244.991244
0.0,539,245.437067
0.0,543,245.869025
4.0,1214,246.882217
0.0,523,247.30516
2.0,826,247.986003
0.0,543,248.413592
11.0,1099,249.338599
0.0,518,249.759041
3.0,926,250.522364
0.0,543,250.94578
0.0,520,251.370114
3.0,935,252.128359
0.0,541,252.547029
0.0,524,252.961958
0.0,511,253.366775
0.0,540,253.794254
4.0,1125,254.740641
0.0,517,255.180871
0.0,516,255.588911
0.0,535,255.995298
2.0,823,256.660851
5.0,1418,257.830604
0.0,520,258.249671
0.0,536,258.668357
0.0,511,259.077502
2.0,816,259.734337
0.0,535,260.152032
0.0,523,260.57458
9.0,1644,261.935887
2.0,810,262.595639
1.0,710,263.163288
0.0,517,263.576982
0.0,521,263.979834
0.0,527,264.402171
2.0,818,265.116183
0.0,542,265.535183
2.0,792,266.195292
4.0,1220,267.198721
2.0,802,267.854232
2.0,798,268.505866
2.0,819,269.172793
2.0,757,269.802134
4.0,1194,270.818688
0.0,515,271.263481
0.0,543,271.700602
0.0,526,272.10662
0.0,519,272.528659
0.0,524,272.950387
2.0,834,273.642229
1.0,643,274.168357
0.0,518,274.586004
0.0,523,275.043263
3.0,930,275.826245
0.0,523,276.254104
0.0,519,276.681633
0.0,541,277.115642
0.0,519,277.54577
1.0,712,278.138751
0.0,532,278.570373
2.0,815,279.244081
2.0,813,279.925638
3.0,1030,280.782658
0.0,543,281.203381
4.0,1201,282.216833
0.0,520,282.640088
0.0,518,283.032592
0.0,535,283.457436
4.0,1053,284.334142
4.0,1011,285.193199
0.0,519,285.620521
2.0,757,286.22627
4.0,1218,287.247322
0.0,520,287.676123
0.0,494,288.079569
0.0,524,288.495657
0.0,524,288.925055
2.0,738,289.532746
0.0,520,289.955639
3.0,1103,290.865466
0.0,537,291.282652
0.0,529,291.727076
3.0,1023,292.553732
2.0,824,293.227801
1.0,653,293.744724
2.0,826,294.413349
0.0,509,294.845754
2.0,792,295.541103
0.0,524,295.969357
4.0,1214,296.9805
0.0,530,297.394778
0.0,515,297.824878
3.0,1030,298.662133
1.0,651,299.17764
0.0,536,299.59281
0.0,535,300.009955
0.0,508,300.418189
1.0,708,300.978193
0.0,543,301.39574
0.0,520,301.833876
3.0,988,302.670188
4.0,1212,303.692793
0.0,507,304.11076
9.0,1632,305.515997
1.0,637,306.035504
2.0,792,306.6899
0.0,508,307.105286
2.0,826,307.78596
0.0,532,308.202381
2.0,820,308.863004
4.0,1197,309.858176
2.0,800,310.499591
0.0,532,310.924101
2.0,804,311.578082
2.0,815,312.235597
0.0,519,312.638579
0.0,524,313.051421
0.0,524,313.473772
2.0,814,314.146384
0.0,543,314.585604
2.0,821,315.297314
2.0,819,315.967941
4.0,1217,316.988936
2.0,810,317.658147
4.0,1222,318.661636
0.0,524,319.072941
0.0,522,319.468434
0.0,539,319.897473
5.0,1192,320.865196
0.0,506,321.265279
0.0,543,321.671083
0.0,523,322.086274
0.0,519,322.491151
4.0,1206,323.48588
0.0,520,323.895927
2.0,829,324.575186
4.0,1094,325.521663
2.0,818,326.22468
0.0,533,326.653739
0.0,537,327.080842
1.0,703,327.656074
0.0,540,328.083797
0.0,516,328.509799
0.0,539,328.936215
0.0,529,329.354954
0.0,525,329.774121
2.0,821,330.447038
2.0,817,331.099503
0.0,523,331.521375
0.0,531,331.94507
0.0,525,332.37222
0.0,521,332.779579
0.0,501,333.173475
0.0,517,333.579736
0.0,521,333.994002
5.0,1426,335.215711
2.0,882,335.949323
0.0,539,336.37422
0.0,536,336.801081
0.0,522,337.221864
0.0,526,337.653212
2.0,809,338.327339
1.0,617,338.824606
2.0,820,339.494099
0.0,524,339.921352
0.0,542,340.333089
0.0,503,340.730354
2.0,790,341.38149
3.0,920,342.126448
4.0,1201,343.107624
0.0,528,343.530461
0.0,532,343.947635
1.0,712,344.522478
0.0,515,344.927849
0.0,531,345.361539
0.0,523,345.785429
0.0,540,346.217915
6.0,1608,347.567389
1.0,696,348.124444
0.0,543,348.547387
0.0,540,348.97639
0.0,537,349.393878
0.0,529,349.805566
0.0,539,350.226017
2.0,816,350.891307
5.0,1426,352.068946
0.0,523,352.483487
0.0,521,352.906147
0.0,523,353.322693
0.0,516,353.733181
0.0,520,354.142166
2.0,886,354.873677
0.0,518,355.322229
0.0,511,355.733006
0.0,518,356.158863
0.0,530,356.574049
0.0,525,356.984141
2.0,801,357.643557
1.0,720,358.244642
1.0,707,358.834103
3.0,1012,359.668129
2.0,898,360.406891
3.0,1008,361.234087
0.0,527,361.655995
0.0,529,362.087429
0.0,541,362.503356
2.0,795,363.179544
0.0,533,363.599452
0.0,535,364.030209
1.0,722,364.620044
0.0,524,365.058979
0.0,540,365.480466
0.0,532,365.902798
0.0,512,366.312294
0.0,514,366.711869
3.0,927,367.49096
2.0,800,368.156753
0.0,528,368.582731
4.0,1222,369.58885
1.0,625,370.084042
2.0,797,370.73677
4.0,1196,371.731816
0.0,517,372.145054
2.0,763,372.771789
0.0,536,373.189577
4.0,1202,374.180866
0.0,526,374.605788
1.0,706,375.187512
2.0,803,375.842405
0.0,542,376.27339
0.0,541,376.707863
1.0,639,377.232109
0.0,524,377.659695
5.0,1430,378.860775
0.0,539,379.285434
0.0,519,379.700484
1.0,610,380.201448
3.0,1008,381.043101
2.0,814,381.714914
0.0,508,382.118737
2.0,809,382.792342
0.0,502,383.192444
2.0,769,383.820357
0.0,539,384.248352
2.0,812,384.927426
3.0,932,385.701481
0.0,535,386.118482
0.0,532,386.547673
0.0,525,386.973082
0.0,539,387.411253
0.0,532,387.832277
2.0,818,388.494994
0.0,527,388.911949
0.0,536,389.331084
5.0,1398,390.513214
1.0,644,391.027116
2.0,799,391.685989
5.0,1426,392.900995
0.0,512,393.309486
2.0,799,393.964785
0.0,532,394.386547
5.0,1434,395.605642
0.0,535,396.021748
2.0,800,396.684199
9.0,1616,398.053044
4.0,1196,399.059778
0.0,524,399.478104
2.0,807,400.13405
3.0,1008,400.957227
2.0,894,401.698
3.0,865,402.397356
5.0,1414,403.563279
0.0,528,403.976104
0.0,524,404.3983
0.0,537,404.819969
2.0,830,405.518157
2.0,811,406.171041
0.0,543,406.595251
1.0,637,407.109861
3.0,934,407.872614
0.0,536,408.296743
4.0,1220,409.298524
2.0,791,409.944606
3.0,1014,410.775841
0.0,540,411.190798
4.0,1046,412.038329
0.0,538,412.452651
3.0,1004,413.260838
0.0,527,413.682182
0.0,515,414.098621
0.0,515,414.5119
2.0,750,415.158864
0.0,519,415.578329
0.0,533,416.010946
3.0,996,416.840701
6.0,1530,418.101279
4.0,1200,419.080094
2.0,749,419.694061
0.0,528,420.106356
0.0,501,420.508157
9.0,1636,421.868406
0.0,501,422.271608
2.0,791,422.930124
0.0,529,423.352624
4.0,1197,424.34696
0.0,508,424.744805
0.0,501,425.170151
4.0,1210,426.194862
0.0,532,426.619535
3.0,1010,427.470819
0.0,514,427.876603
2.0,790,428.537823
2.0,813,429.191323
3.0,1014,430.013219
0.0,543,430.439781
0.0,517,430.85211
0.0,540,431.26166
0.0,532,431.674121
3.0,1007,432.500694
4.0,1193,433.483052
0.0,521,433.889751
3.0,988,434.718456
1.0,609,435.228916
0.0,533,435.664925
0.0,528,436.060851
0.0,540,436.478653
3.0,1008,437.293608
1.0,720,437.868651
0.0,518,438.284406
2.0,810,438.944278
0.0,531,439.361389
0.0,524,439.780858
0.0,508,440.187139
0.0,524,440.614834
0.0,540,441.047394
2.0,808,441.698199
2.0,804,442.356179
5.0,1414,443.517453
5.0,1418,444.725354
7.0,1004,445.571638
0.0,518,445.979042
0.0,519,446.402775
0.0,493,446.805001
2.0,798,447.478166
0.0,535,447.900596
5.0,1422,449.088986
2.0,825,449.765689
0.0,540,450.189444
1.0,635,450.709128
4.0,1218,451.723238
2.0,753,452.347441
0.0,531,452.787832
0.0,535,453.236019
2.0,797,453.886586
2.0,790,454.541781
0.0,500,454.94547
4.0,1092,455.872069
1.0,629,456.393551
0.0,528,456.816009
5.0,1419,458.017608
3.0,939,458.796069
0.0,516,459.199801
0.0,531,459.60645
0.0,528,460.007036
1.0,700,460.57973
2.0,761,461.189218
0.0,532,461.602128
0.0,539,462.015015
2.0,794,462.661229
2.0,795,463.302133
0.0,524,463.711784
0.0,519,464.118326
0.0,527,464.534975
0.0,532,464.954898
0.0,528,465.39033
2.0,807,466.039875
2.0,792,466.686646
9.0,1632,468.043471
2.0,841,468.732802
0.0,523,469.144518
2.0,753,469.757975
0.0,532,470.174525
0.0,529,470.589244
0.0,516,471.001827
2.0,827,471.667398
3.0,1010,472.495703
1.0,629,473.00191
0.0,532,473.446673
0.0,523,473.866663
5.0,1427,475.065843
4.0,1200,476.052377
2.0,775,476.678997
0.0,528,477.081266
0.0,539,477.49723
0.0,531,477.904202
1.0,648,478.417054
2.0,834,479.079557
1.0,620,479.586725
5.0,1407,480.742495
1.0,629,481.216465
4.0,1206,482.220914
2.0,812,482.897708
1.0,689,483.482579
4.0,1189,484.499206
0.0,520,484.925239
0.0,539,485.374904
1.0,653,485.89464
0.0,523,486.305816
0.0,516,486.722081
0.0,521,487.133366
1.0,702,487.720563
2.0,804,488.377296
2.0,814,489.036206
4.0,1077,489.916395
0.0,524,490.326289
0.0,526,490.746572
0.0,524,491.144356
3.0,1021,491.966391
2.0,909,492.710848
2.0,822,493.358352
0.0,531,493.774396
4.0,1189,494.755454
0.0,523,495.182791
0.0,524,495.604334
4.0,1202,496.612033
1.0,648,497.109204
0.0,513,497.521821
0.0,509,497.913772
0.0,509,498.312065
0.0,516,498.722605
0.0,531,499.132867
3.0,984,499.948374
2.0,826,500.624209
0.0,536,501.044131
0.0,519,501.461732
3.0,992,502.285575
2.0,825,502.960138
0.0,536,503.384071
4.0,1218,504.385876
0.0,524,504.791907
0.0,541,505.225266
4.0,1196,506.212613
0.0,517,506.634155
1.0,634,507.137658
0.0,533,507.556
0.0,521,507.966122
9.0,1640,509.315744
0.0,509,509.712698
1.0,627,510.208038
2.0,747,510.822171
0.0,510,511.21367
2.0,799,511.863821
0.0,539,512.282555
0.0,515,512.717171
2.0,790,513.359683
1.0,704,513.91889
5.0,1406,515.136941
2.0,833,515.816441
2.0,804,516.466251
7.0,996,517.300838
1.0,688,517.861967
2.0,801,518.502752
1.0,629,518.996502
0.0,529,519.401999
2.0,814,520.053943
0.0,519,520.47252
0.0,532,520.884755
3.0,1026,521.699514
0.0,524,522.116714
0.0,522,522.530426
0.0,522,522.938249
0.0,536,523.345212
0.0,521,523.754612
3.0,921,524.507283
0.0,499,524.914942
0.0,519,525.349432
2.0,808,526.002371
0.0,516,526.407
1.0,629,526.909359
2.0,802,527.558977
2.0,814,528.223626
2.0,798,528.877761
1.0,643,529.379774
0.0,520,529.795021
0.0,525,530.205114
2.0,822,530.862245
0.0,525,531.272983
4.0,1206,532.274333
2.0,814,532.923713
1.0,651,533.432506
0.0,532,533.854908
1.0,614,534.354976
2.0,813,535.052392
3.0,1004,535.905061
2.0,816,536.563337
0.0,532,536.97036
0.0,523,537.389262
2.0,819,538.04749
2.0,794,538.712191
2.0,809,539.38122
0.0,535,539.80716
0.0,532,540.222942
2.0,817,540.887243
4.0,1208,541.871238
4.0,1208,542.874502
0.0,524,543.3009
0.0,536,543.726176
0.0,539,544.150268
0.0,525,544.572982
3.0,1014,545.4189
1.0,632,545.944106
0.0,540,546.353815
0.0,536,546.760057
2.0,753,547.360475
0.0,521,547.776802
2.0,829,548.444627
3.0,1112,549.349029
0.0,533,549.759996
2.0,813,550.421901
5.0,1422,551.577724
0.0,527,551.9865
0.0,516,552.384727
1.0,647,552.897176
1.0,728,553.466822
4.0,1189,554.44426
3.0,1108,555.36184
0.0,532,555.769356
0.0,507,556.162574
1.0,701,556.722826
5.0,1414,557.8817
4.0,1071,558.759626
0.0,519,559.170505
0.0,516,559.586933
6.0,1610,560.925153
2.0,807,561.572895
0.0,520,561.974608
2.0,808,562.614857
0.0,532,563.018785
2.0,800,563.664976
0.0,537,564.073205
2.0,923,564.843167
0.0,512,565.266984
3.0,949,566.029869
2.0,829,566.693042
2.0,818,567.359282
1.0,692,567.911032
2.0,812,568.5627
2.0,804,569.217705
0.0,525,569.634672
0.0,519,570.046257
0.0,514,570.453943
1.0,629,570.959715
0.0,519,571.362812
0.0,515,571.77556
0.0,532,572.193104
0.0,539,572.601275
0.0,521,573.007503
2.0,827,573.666613
0.0,535,574.081098
4.0,1091,574.993318
2.0,795,575.652979
0.0,508,576.045761
4.0,1055,576.91203
0.0,510,577.314192
3.0,1003,578.149592
1.0,629,578.660629
2.0,807,579.306545
4.0,1094,580.196616
0.0,519,580.597663
3.0,889,581.309059
2.0,886,582.021639
2.0,813,582.684709
0.0,529,583.098103
2.0,893,583.81831
2.0,824,584.470866
2.0,792,585.146999
0.0,537,585.554996
4.0,1090,586.456024
3.0,887,587.162001
1.0,651,587.663213
3.0,883,588.383698
4.0,1088,589.272932
4.0,1188,590.269156
0.0,523,590.67995
9.0,1620,592.052909
2.0,818,592.730636
0.0,503,593.132231
0.0,511,593.537368
1.0,683,594.094712
2.0,830,594.7622
2.0,798,595.444492
2.0,798,596.092724
2.0,804,596.746707
0.0,527,597.161527
6.0,1480,598.39807
0.0,524,598.819722
0.0,539,599.241372
3.0,1008,600.075478
2.0,808,600.734444
0.0,533,601.151606
0.0,535,601.578954
1.0,625,602.085405
0.0,537,602.505069
3.0,887,603.243025
0.0,529,603.655298
2.0,809,604.33356
9.0,1620,605.737042
3.0,1004,606.553604
2.0,894,607.289053
0.0,538,607.716518
0.0,524,608.139625
0.0,523,608.566275
9.0,1915,610.179487
2.0,886,610.908128
1.0,692,611.460979
9.0,1644,612.837221
2.0,806,613.489655
0.0,539,613.913224
2.0,808,614.570177
2.0,822,615.263224
1.0,645,615.771317
3.0,962,616.543356
0.0,509,616.93536
0.0,516,617.336086
0.0,515,617.758546
2.0,823,618.421608
0.0,499,618.822139
5.0,1406,619.994399
2.0,814,620.647419
2.0,792,621.293288
0.0,522,621.715333
0.0,519,622.129258
5.0,1406,623.301543
2.0,822,623.968311
4.0,1081,624.883164
0.0,527,625.333394
0.0,519,625.737692
5.0,1422,626.927051
0.0,524,627.351891
0.0,532,627.785483
3.0,1036,628.64997
4.0,1201,629.645643
0.0,532,630.07268
4.0,1197,631.072951
2.0,793,631.726869
3.0,1020,632.565585
0.0,543,632.995238
3.0,897,633.723461
2.0,811,634.394912
0.0,539,634.862784
2.0,801,635.570799
0.0,537,636.003897
0.0,541,636.431744
0.0,515,636.852873
0.0,524,637.276716
0.0,536,637.70345
1.0,739,638.295289
0.0,521,638.72715
1.0,713,639.30595
1.0,655,639.81987
2.0,811,640.48596
0.0,532,640.908591
0.0,535,641.332638
2.0,793,642.004333
0.0,529,642.42629
0.0,519,642.837116
0.0,520,643.253992
0.0,541,643.677034
3.0,942,644.448231
1.0,629,644.969121
2.0,796,645.645618
0.0,501,646.047912
0.0,511,646.453668
2.0,841,647.129383
0.0,523,647.55073
0.0,534,647.965536
4.0,1308,649.032357
0.0,520,649.439024
0.0,515,649.856266
4.0,1209,650.885681
3.0,999,651.726194
0.0,539,652.1519
4.0,1208,653.166522
1.0,611,653.66337
9.0,1632,655.081289
4.0,1196,656.13091
0.0,543,656.550627
2.0,815,657.214466
2.0,814,657.890957
0.0,527,658.312898
0.0,503,658.710653
0.0,543,659.133019
4.0,1196,660.117973
0.0,524,660.543709
0.0,539,660.970883
2.0,753,661.591498
0.0,516,662.011773
3.0,1005,662.865593
2.0,815,663.541463
0.0,541,663.974774
5.0,1410,665.1981
0.0,527,665.627247
0.0,525,666.044997
1.0,643,666.558301
0.0,543,666.982702
0.0,532,667.386228
0.0,533,667.810268
2.0,816,668.475525
3.0,873,669.184788
2.0,810,669.85016
0.0,527,670.269601
1.0,706,670.838918
5.0,1434,672.017583
0.0,525,672.423404
2.0,822,673.082383
0.0,521,673.502299
0.0,540,673.929709
0.0,513,674.341307
0.0,497,674.751346
2.0,834,675.448536
1.0,637,675.959191
0.0,543,676.376639
0.0,540,676.794305
2.0,842,677.470236
1.0,651,677.990181
0.0,517,678.408305
9.0,1624,679.753916
2.0,794,680.401951
0.0,529,680.815652
0.0,539,681.233928
2.0,797,681.893478
0.0,519,682.30551
0.0,529,682.715327
2.0,804,683.369254
0.0,525,683.783961
2.0,791,684.425627
9.0,1628,685.798818
2.0,813,686.463008
0.0,540,686.879874
0.0,524,687.299888
5.0,1403,688.471648
0.0,497,688.863889
2.0,803,689.524939
0.0,499,689.930359
2.0,834,690.600024
3.0,911,691.341388
0.0,520,691.750207
0.0,529,692.171948
0.0,531,692.60049
0.0,537,693.026308
9.0,1644,694.397655
0.0,521,694.81894
5.0,1418,696.025787
