#{"t_start": 1773925773.5954158, "env_id": "BreakoutNoFrameskip-v4"}
r,l,t
0.0,535,0.389472
0.0,506,0.564623
3.0,1076,0.936166
1.0,649,1.155708
0.0,525,1.346625
1.0,644,1.571239
2.0,808,1.851173
1.0,704,2.102274
4.0,1155,2.501686
1.0,628,2.732074
3.0,1106,3.105595
3.0,1098,3.474185
2.0,816,3.757313
0.0,517,3.939645
1.0,635,4.156901
1.0,636,4.379822
1.0,721,4.633735
0.0,509,4.811408
0.0,524,4.987283
2.0,822,5.265627
0.0,519,5.444906
0.0,521,5.618211
0.0,529,5.803264
1.0,618,6.015275
2.0,825,6.301671
0.0,522,6.487771
1.0,692,6.734372
3.0,1001,7.085612
3.0,1090,7.455543
4.0,1049,7.806972
3.0,1089,8.174977
3.0,942,8.50289
3.0,1100,8.87797
0.0,519,9.056278
1.0,645,9.281333
1.0,713,9.528492
2.0,778,9.799077
2.0,833,10.079799
2.0,896,10.392352
4.0,1140,10.808724
1.0,638,11.058326
0.0,520,11.249522
0.0,533,11.456015
2.0,885,11.753296
4.0,1194,12.156505
1.0,700,12.394203
2.0,919,12.702353
0.0,524,12.881776
2.0,898,13.184116
2.0,890,13.493737
0.0,523,13.667754
0.0,535,13.85568
1.0,708,14.105846
0.0,501,14.288007
0.0,501,14.467348
4.0,1305,14.930811
0.0,541,15.122708
3.0,1020,15.484628
3.0,1004,16.169219
0.0,541,16.543532
1.0,641,16.99697
2.0,813,17.544066
4.0,1306,18.412713
0.0,533,18.750955
1.0,621,19.151162
1.0,647,19.577245
0.0,537,19.920342
2.0,849,20.483465
2.0,892,21.089473
1.0,719,21.558299
2.0,844,22.117488
1.0,637,22.553737
0.0,527,22.898405
3.0,851,23.492687
0.0,533,23.858233
1.0,639,24.273899
0.0,501,24.610005
3.0,1006,25.298653
0.0,543,25.676945
1.0,716,26.154501
1.0,711,26.637421
0.0,532,27.00438
0.0,523,27.350365
2.0,821,27.89994
4.0,1290,28.804669
0.0,516,29.166242
0.0,529,29.521441
4.0,1208,30.382909
0.0,519,30.74457
0.0,524,31.091679
0.0,530,31.457435
0.0,520,31.800212
2.0,761,32.322255
0.0,521,32.685337
0.0,528,33.047175
0.0,501,33.403436
6.0,1343,34.346968
2.0,816,34.903152
0.0,539,35.251834
0.0,532,35.617357
1.0,637,36.067602
2.0,820,36.655895
2.0,895,37.289634
4.0,1202,38.139351
0.0,509,38.489068
1.0,693,38.970933
11.0,1916,40.34854
3.0,1006,41.075479
0.0,527,41.432294
0.0,515,41.81675
0.0,528,42.177317
0.0,530,42.538368
0.0,542,42.902755
3.0,1028,43.61866
2.0,879,44.245963
4.0,1109,45.041061
0.0,507,45.386407
0.0,523,45.73353
2.0,838,46.33558
0.0,525,46.710546
5.0,1337,47.706133
0.0,536,48.078261
0.0,527,48.442939
4.0,1214,49.324366
0.0,540,49.6972
2.0,922,50.351559
1.0,701,50.843081
0.0,527,51.210145
4.0,1218,52.090811
2.0,829,52.701941
2.0,761,53.244632
2.0,810,53.828782
2.0,821,54.427215
0.0,523,54.787848
2.0,803,55.361083
0.0,503,55.720904
0.0,521,56.091732
0.0,511,56.471645
2.0,805,57.092633
0.0,540,57.474151
0.0,517,57.849971
0.0,492,58.197626
3.0,927,58.885671
0.0,532,59.265617
3.0,1032,59.997863
1.0,720,60.513645
2.0,811,61.093393
0.0,522,61.461991
3.0,1003,62.203087
0.0,531,62.588317
1.0,705,63.099733
3.0,1024,63.835232
4.0,1214,64.726202
2.0,829,65.32914
5.0,1373,66.385034
1.0,652,66.884371
1.0,690,67.418798
1.0,640,67.881208
0.0,524,68.26241
1.0,718,68.783371
0.0,519,69.167218
0.0,516,69.557342
1.0,628,70.022034
0.0,517,70.39723
3.0,1022,71.148414
1.0,696,71.673312
4.0,1115,72.524446
0.0,501,72.90128
2.0,822,73.510736
5.0,1416,74.598573
0.0,516,74.980756
0.0,511,75.370584
0.0,520,75.759341
3.0,1022,76.535292
2.0,922,77.25222
0.0,524,77.631869
0.0,543,78.035084
7.0,1742,79.380666
0.0,516,79.763947
1.0,647,80.237394
2.0,805,80.848392
0.0,531,81.23407
0.0,524,81.614059
0.0,517,82.01076
1.0,711,82.554493
1.0,709,83.079794
0.0,516,83.462444
1.0,712,83.987262
0.0,535,84.375482
0.0,515,84.744118
0.0,506,85.115595
2.0,800,85.717378
0.0,520,86.098944
4.0,1290,87.12365
0.0,531,87.489553
0.0,539,87.87923
0.0,543,88.265491
1.0,711,88.811012
0.0,516,89.203742
0.0,541,89.604797
4.0,1210,90.564356
0.0,537,90.969281
2.0,821,91.598902
2.0,834,92.223689
0.0,503,92.608963
1.0,709,93.14658
0.0,511,93.531272
0.0,524,93.920344
0.0,523,94.312703
0.0,529,94.6928
0.0,537,95.091338
0.0,523,95.475966
0.0,531,95.886484
2.0,821,96.540392
3.0,1086,97.414028
0.0,534,97.816904
1.0,624,98.294116
1.0,694,98.823065
4.0,1138,99.712356
0.0,501,100.100659
1.0,643,100.578524
0.0,543,100.977317
2.0,809,101.604821
0.0,523,102.051946
0.0,515,102.481349
0.0,539,102.874275
0.0,527,103.27576
2.0,771,103.851602
0.0,516,104.238306
0.0,539,104.641066
3.0,1090,105.486437
0.0,519,105.881745
4.0,1214,106.86556
3.0,1034,107.703852
1.0,636,108.201161
2.0,816,108.864894
5.0,1416,110.00898
4.0,1224,110.961946
2.0,898,111.65925
2.0,819,112.320437
4.0,1292,113.352642
2.0,830,113.989256
0.0,521,114.376381
4.0,1202,115.33809
0.0,517,115.73417
0.0,516,116.130406
0.0,515,116.534737
1.0,643,117.043377
4.0,1216,117.998637
9.0,1628,119.308586
0.0,535,119.72645
2.0,818,120.357586
0.0,524,120.76353
6.0,1582,122.051421
0.0,524,122.466039
4.0,1202,123.437826
4.0,1136,124.350653
1.0,639,124.854929
0.0,525,125.260291
0.0,520,125.661172
0.0,533,126.069063
0.0,515,126.480611
0.0,515,126.917953
0.0,527,127.336192
0.0,543,127.757788
0.0,508,128.154233
0.0,499,128.546615
3.0,1006,129.368835
0.0,534,129.786579
0.0,515,130.203822
0.0,531,130.616691
0.0,543,131.033127
5.0,1418,132.211252
0.0,520,132.637233
1.0,723,133.216182
0.0,527,133.63796
1.0,720,134.210253
3.0,1101,135.146815
0.0,512,135.550136
2.0,810,136.221743
2.0,932,136.99433
2.0,809,137.65845
4.0,1296,138.714908
2.0,893,139.437823
0.0,532,139.861103
4.0,1222,140.863974
6.0,1616,142.21115
1.0,639,142.720772
0.0,535,143.146047
0.0,527,143.556262
0.0,517,143.962372
1.0,633,144.464607
2.0,817,145.140047
0.0,541,145.578649
0.0,527,145.997121
0.0,537,146.42669
0.0,541,146.880922
0.0,543,147.301912
3.0,1020,148.154443
4.0,1118,149.096415
9.0,1636,150.528153
2.0,821,151.200067
0.0,535,151.622972
2.0,804,152.286915
0.0,529,152.719522
1.0,696,153.279005
5.0,1426,154.456777
0.0,527,154.873377
0.0,524,155.295912
0.0,521,155.713963
0.0,515,156.13344
0.0,524,156.559138
2.0,754,157.204312
0.0,521,157.611257
9.0,1616,158.955277
5.0,1403,160.133682
0.0,507,160.543884
2.0,819,161.202987
3.0,992,162.022217
0.0,533,162.452085
9.0,1640,163.827561
0.0,537,164.250546
5.0,1418,165.453942
9.0,1616,166.839594
0.0,512,167.248533
0.0,537,167.67756
5.0,1414,168.869417
5.0,1411,170.070584
2.0,810,170.746142
11.0,1107,171.664341
9.0,1620,173.035962
9.0,1628,174.409685
9.0,1640,175.791804
9.0,1620,177.192676
0.0,537,177.627467
0.0,527,178.055098
2.0,833,178.744487
0.0,541,179.166785
9.0,1628,180.54285
0.0,543,180.976615
4.0,1034,181.845079
0.0,535,182.268628
0.0,524,182.681303
0.0,516,183.100045
0.0,521,183.525733
0.0,517,183.954194
0.0,533,184.371778
2.0,812,185.041667
9.0,1636,186.439763
0.0,501,186.912482
0.0,531,187.371184
9.0,1644,188.741815
2.0,812,189.411923
0.0,531,189.835063
0.0,543,190.262955
0.0,525,190.685329
0.0,509,191.096873
0.0,524,191.528928
0.0,517,191.957691
0.0,524,192.376096
0.0,521,192.840051
0.0,520,193.263339
0.0,525,193.684668
9.0,1628,195.068358
0.0,531,195.512109
0.0,516,195.942484
9.0,1620,197.35063
0.0,517,197.784904
9.0,1640,199.195932
3.0,1005,200.012996
0.0,535,200.445801
0.0,505,200.860168
1.0,640,201.372411
0.0,532,201.80877
0.0,521,202.224874
0.0,528,202.660526
0.0,539,203.084558
9.0,1616,204.443345
7.0,1639,205.85201
0.0,535,206.275383
0.0,525,206.699841
1.0,639,207.243832
0.0,529,207.663495
9.0,1628,209.036308
0.0,531,209.464195
2.0,810,210.139437
1.0,636,210.663788
9.0,1636,212.023811
2.0,813,212.688545
2.0,744,213.332175
0.0,541,213.757441
0.0,523,214.180566
0.0,532,214.588658
0.0,527,215.020782
10.0,1802,216.572965
4.0,1200,217.624112
0.0,524,218.0628
0.0,535,218.49008
0.0,535,218.91381
5.0,1414,220.098347
1.0,636,220.620589
4.0,1066,221.501693
9.0,1628,222.885049
0.0,527,223.33644
0.0,535,223.7572
3.0,1017,224.595239
3.0,957,225.404883
2.0,744,226.025394
10.0,1820,227.627183
11.0,1107,228.55782
11.0,1107,229.492889
16.0,1305,230.631729
4.0,1190,231.643439
0.0,519,232.074077
11.0,1107,233.006222
1.0,713,233.594289
1.0,636,234.119635
0.0,520,234.55332
3.0,944,235.345576
0.0,523,235.765664
1.0,633,236.29531
0.0,543,236.73251
11.0,1107,237.687997
4.0,1073,238.592814
9.0,1624,239.971327
2.0,760,240.60635
1.0,723,241.19892
0.0,521,241.627465
1.0,721,242.212451
1.0,648,242.73903
0.0,519,243.160576
0.0,515,243.594648
0.0,515,244.022499
4.0,1202,245.027592
0.0,543,245.4568
4.0,999,246.297303
9.0,1620,247.708272
11.0,1095,248.625533
6.0,1538,249.923651
2.0,812,250.612463
0.0,531,251.056533
1.0,648,251.588732
12.0,1307,252.697379
11.0,1099,253.623879
9.0,1554,254.957834
0.0,532,255.38847
0.0,531,255.820432
5.0,1302,256.978514
3.0,954,257.781634
0.0,515,258.198046
11.0,1950,259.843817
10.0,1754,261.351961
1.0,612,261.868511
13.0,1319,262.985884
9.0,1636,264.402308
9.0,1620,265.805057
1.0,655,266.336615
7.0,1806,267.901618
7.0,1818,269.453945
1.0,729,270.043155
1.0,627,270.561826
1.0,735,271.164922
1.0,655,271.703954
3.0,963,272.487725
1.0,731,273.081462
12.0,2100,274.889653
2.0,829,275.590585
0.0,540,276.018895
0.0,543,276.470871
12.0,1306,277.609897
11.0,1892,279.228642
12.0,1299,280.330215
1.0,643,280.843449
0.0,520,281.2657
11.0,1099,282.174052
11.0,1111,283.101289
0.0,524,283.538509
0.0,527,283.964198
0.0,540,284.387927
7.0,1690,285.811065
0.0,524,286.240472
1.0,700,286.84719
2.0,925,287.615547
11.0,1107,288.550958
10.0,1722,290.013081
2.0,810,290.6994
4.0,1300,291.785068
2.0,912,292.549908
2.0,840,293.240241
5.0,1125,294.196503
0.0,523,294.623554
11.0,1916,296.225065
5.0,1498,297.524619
15.0,2112,299.303999
11.0,1087,300.207926
11.0,1107,301.119132
13.0,1412,302.311178
2.0,904,303.049832
11.0,2032,304.777949
3.0,994,305.601044
13.0,2264,307.585643
12.0,1773,309.084067
7.0,1806,310.617847
19.0,1410,311.796965
12.0,1370,312.942865
7.0,1704,314.402186
5.0,1405,315.60686
9.0,1403,316.802323
12.0,2224,318.667133
11.0,1679,320.088125
4.0,1142,321.039848
8.0,1932,322.652296
10.0,1455,323.841704
8.0,1916,325.458667
3.0,871,326.189816
14.0,2426,328.27872
4.0,1072,329.186518
20.0,1442,330.409791
12.0,1167,331.356678
5.0,1171,332.321531
0.0,528,332.739796
2.0,842,333.4179
12.0,1227,334.427803
7.0,1643,335.784598
12.0,2064,337.532169
4.0,1091,338.414981
7.0,1810,339.941458
12.0,1890,341.549779
7.0,1826,343.070367
11.0,1797,344.591884
11.0,1111,345.486125
12.0,1314,346.571386
21.0,1614,347.95984
13.0,1283,349.043338
8.0,1928,350.661327
5.0,1097,351.565137
14.0,1591,352.914223
10.0,1609,354.2555
7.0,1410,355.432956
12.0,1215,356.449677
5.0,1087,357.368366
13.0,1471,358.597554
14.0,1357,359.764353
13.0,1506,361.058754
12.0,1318,362.190428
8.0,1210,363.200264
12.0,1167,364.158374
12.0,1298,365.25844
27.0,1513,366.538091
14.0,1436,367.788932
11.0,1818,369.320232
8.0,1924,370.957806
18.0,2458,373.04299
8.0,1181,374.030978
12.0,2064,375.856747
9.0,1403,377.073925
5.0,1196,378.076297
14.0,1461,379.303465
15.0,1601,380.686107
6.0,1382,381.833333
11.0,1709,383.269603
12.0,1136,384.206158
17.0,2326,386.206309
5.0,1415,387.395521
6.0,1387,388.545452
6.0,1585,389.860326
9.0,1318,390.960586
3.0,841,391.656956
22.0,1600,393.01036
10.0,2078,394.773841
6.0,1383,395.93688
5.0,1105,396.881409
14.0,2310,398.885611
31.0,1895,400.489484
6.0,1344,401.618236
17.0,1869,403.181752
27.0,1495,404.425648
15.0,1681,405.856611
21.0,2044,407.619191
23.0,1644,409.018547
12.0,2076,410.821708
4.0,1059,411.703366
7.0,1438,412.916985
6.0,1323,414.019996
14.0,2314,415.963095
13.0,2224,417.867876
14.0,2461,419.950939
19.0,2626,422.174645
14.0,2530,424.295821
24.0,1874,425.914783
6.0,1347,427.115977
13.0,2127,428.924476
14.0,1478,430.144421
9.0,1542,431.430313
16.0,1596,432.75834
19.0,2548,434.921966
6.0,1378,436.077843
11.0,1107,437.029984
16.0,2886,439.489549
12.0,2373,441.504274
9.0,1333,442.623475
11.0,1107,443.532954
19.0,2348,445.511652
9.0,1773,447.028121
14.0,1792,448.549468
11.0,1101,449.452933
9.0,1327,450.558358
12.0,1290,451.638783
9.0,1246,452.678386
13.0,1442,453.866383
9.0,1381,455.040695
6.0,1259,456.154374
18.0,1634,457.569477
8.0,1201,458.587674
12.0,1294,459.675349
12.0,1553,460.977202
13.0,1411,462.168231
18.0,2546,464.312812
7.0,1510,465.626674
13.0,1936,467.32861
16.0,1725,468.78765
12.0,2018,470.528301
11.0,2010,472.228072
12.0,1294,473.305558
13.0,1339,474.439044
12.0,1892,476.021293
16.0,1966,477.677588
14.0,2256,479.575082
19.0,2340,481.549466
14.0,2300,483.490238
14.0,2093,485.24416
12.0,1988,486.962438
21.0,2471,489.070655
22.0,1742,490.518001
16.0,1871,492.090446
13.0,1336,493.206669
11.0,1603,494.578531
13.0,2069,496.348109
13.0,1926,498.004222
12.0,2022,499.746919
14.0,2242,501.655979
27.0,2669,503.903342
17.0,2424,505.956961
13.0,1359,507.107349
11.0,1099,508.013252
24.0,1799,509.515892
17.0,2067,511.250537
17.0,2234,513.151859
12.0,2221,515.025046
15.0,1759,516.533077
34.0,2081,518.299707
12.0,1774,519.799314
14.0,2402,521.828642
16.0,2279,523.775868
15.0,2104,525.572123
17.0,2500,527.75764
25.0,3221,530.51656
14.0,2414,532.589966
12.0,2103,534.374239
21.0,1837,535.913695
25.0,3052,538.526837
12.0,2297,540.478623
17.0,2582,542.678437
12.0,2082,544.447288
15.0,2452,546.540971
14.0,2384,548.628774
12.0,1277,549.700556
16.0,1833,551.232091
21.0,3044,553.802849
16.0,1904,555.417042
11.0,1549,556.742688
16.0,2644,559.028788
26.0,2945,561.560484
12.0,1918,563.172699
10.0,1881,564.763747
20.0,2237,566.667209
18.0,2975,569.191339
12.0,2191,571.036777
15.0,2508,573.145426
6.0,1398,574.304042
15.0,2350,576.27967
28.0,1773,577.821167
12.0,1286,578.900046
13.0,2130,580.689709
16.0,2440,582.758738
23.0,1838,584.327094
11.0,2184,586.168461
23.0,3174,588.91174
13.0,2278,590.864464
17.0,2734,593.191445
21.0,1541,594.480376
10.0,2106,596.223672
15.0,1847,597.794158
13.0,1427,598.976461
19.0,2086,600.729127
16.0,2642,602.95619
9.0,1853,604.52312
18.0,1985,606.224176
12.0,1762,607.732742
16.0,1317,608.808355
24.0,2509,610.908574
15.0,2350,612.882816
25.0,2671,615.125731
16.0,2520,617.28817
19.0,2342,619.232064
32.0,2082,620.974205
16.0,2266,622.861622
19.0,2321,624.81686
32.0,1905,626.412081
12.0,1702,627.831785
25.0,2431,629.875681
32.0,1957,631.497776
22.0,2010,633.161052
15.0,1779,634.651858
35.0,2165,636.439977
17.0,1420,637.642266
21.0,2922,640.113605
19.0,2321,642.05791
13.0,2447,644.145071
31.0,3573,647.193051
24.0,2958,649.729414
11.0,2241,651.590318
19.0,2194,653.462744
27.0,3718,656.629727
26.0,2600,658.815737
27.0,2320,660.768864
20.0,2444,662.816161
20.0,2960,665.305598
21.0,2301,667.288386
18.0,2341,669.318485
20.0,2882,671.749128
18.0,2499,673.849595
21.0,2642,676.086509
20.0,2872,678.570126
13.0,2044,680.278969
12.0,2238,682.133419
17.0,1930,683.749938
23.0,2979,686.24363
21.0,2468,688.339962
24.0,2619,690.585
29.0,2165,692.403767
21.0,2451,694.47138
30.0,2377,696.48236
15.0,2394,698.510124
231.0,2845,700.902793
22.0,3170,703.619655
17.0,1830,705.18695
21.0,2574,707.409872
12.0,2191,709.305364
18.0,2310,711.308551
34.0,2692,713.593017
27.0,3273,716.358048
25.0,2110,718.162038
18.0,2058,719.901056
39.0,3087,722.549764
28.0,3245,725.301268
25.0,3528,728.319963
28.0,3063,730.895475
32.0,3044,733.44634
18.0,2307,735.423125
26.0,3065,738.052573
21.0,2507,740.150165
30.0,3362,743.00981
17.0,2051,744.733378
18.0,2575,746.922097
14.0,1939,748.565195
25.0,3232,751.324571
25.0,2219,753.207298
12.0,1703,754.618341
18.0,2614,756.903109
232.0,2292,758.840983
24.0,2888,761.349592
20.0,3135,763.997007
10.0,1957,765.653461
15.0,1687,767.125209
26.0,3623,770.250432
27.0,1990,771.944711
23.0,2306,773.952082
25.0,2624,776.172896
25.0,3067,778.815645
33.0,2746,781.132867
22.0,2809,783.522596
24.0,2183,785.418167
21.0,2674,787.755904
31.0,1775,789.262515
19.0,2220,791.116768
9.0,1722,792.547757
244.0,3948,795.897929
35.0,4196,799.545524
48.0,4713,803.578091
12.0,2397,805.591706
14.0,1982,807.286637
36.0,2143,809.105385
36.0,3136,811.78887
33.0,3657,814.913349
48.0,2951,817.47983
17.0,2660,819.77619
9.0,1850,821.357405
25.0,3530,824.409295
8.0,1629,825.804142
20.0,2624,828.096501
31.0,3476,831.106714
21.0,3257,833.877469
35.0,4804,837.995546
10.0,1483,839.260543
26.0,3836,842.563241
26.0,2710,844.869974
243.0,4058,848.352386
15.0,1727,849.810386
24.0,1965,851.492219
34.0,3169,854.208861
13.0,2210,856.09183
14.0,2244,857.997623
235.0,3495,860.961855
29.0,2943,863.425716
15.0,2255,865.324928
12.0,2234,867.21845
33.0,3274,869.970277
23.0,2457,872.020971
6.0,1419,873.189054
25.0,3517,876.149455
13.0,2104,877.97098
14.0,1631,879.346986
47.0,3359,882.22384
24.0,3275,885.022956
35.0,2737,887.382584
11.0,2245,889.306827
35.0,3451,892.241162
12.0,2177,894.074989
18.0,2632,896.276642
14.0,2533,898.438173
24.0,3721,901.582707
27.0,2812,903.93662
25.0,1814,905.451076
17.0,2446,907.583052
23.0,2370,909.584285
43.0,3830,912.834212
41.0,2620,915.070848
23.0,2788,917.492454
15.0,2360,919.480957
25.0,2922,922.020391
12.0,2474,924.115795
23.0,2377,926.127972
37.0,3287,928.946676
27.0,2345,930.950961
29.0,3096,933.552954
58.0,4876,937.708532
39.0,3578,940.759959
22.0,2127,942.559879
27.0,3538,945.602651
23.0,1899,947.243478
24.0,3193,949.992455
28.0,3273,952.846308
11.0,1729,954.308328
44.0,3469,957.288336
17.0,2913,959.763813
52.0,4853,963.9243
44.0,5025,968.301671
16.0,2506,970.436126
44.0,5425,975.139513
37.0,4102,978.70746
34.0,2991,981.268502
31.0,3663,984.407206
45.0,4131,987.942903
30.0,3584,990.989807
25.0,3761,994.231991
40.0,3240,997.050567
50.0,5140,1001.436468
23.0,2854,1003.867406
29.0,3203,1006.62481
18.0,3076,1009.292291
31.0,3326,1012.219421
32.0,2905,1014.731113
26.0,3009,1017.37013
22.0,2083,1019.171587
38.0,3689,1022.342078
231.0,2646,1024.60535
24.0,3506,1027.689362
19.0,2854,1030.091956
26.0,3730,1033.267465
38.0,3578,1036.377474
22.0,2609,1038.61775
42.0,2503,1040.723401
26.0,3107,1043.400666
30.0,2670,1045.640862
28.0,3804,1048.947304
38.0,4237,1052.582508
23.0,3242,1055.356505
9.0,1975,1057.10281
29.0,3294,1059.930448
61.0,5709,1064.784334
276.0,5883,1069.940728
38.0,3230,1072.748546
49.0,4341,1076.490685
27.0,3160,1079.282312
28.0,3587,1082.384809
32.0,3791,1085.647379
23.0,2770,1088.051534
19.0,1657,1089.459351
49.0,3856,1092.767469
19.0,2834,1095.235247
13.0,2545,1097.483344
47.0,5011,1101.834332
13.0,2377,1103.928034
21.0,2159,1105.777932
22.0,3238,1108.603682
23.0,2155,1110.453783
43.0,3965,1113.848464
27.0,3690,1117.090973
13.0,2519,1119.247892
36.0,3109,1121.918506
26.0,2211,1123.811311
40.0,2432,1125.895845
30.0,3225,1128.738163
33.0,4103,1132.254599
60.0,5715,1137.179904
41.0,5032,1141.461262
232.0,2876,1143.887494
18.0,2678,1146.191383
46.0,4971,1150.466345
37.0,3248,1153.207127
27.0,2993,1155.806734
13.0,2813,1158.240619
22.0,2049,1159.984237
24.0,2990,1162.518556
23.0,2969,1165.046371
31.0,4483,1168.862607
35.0,3146,1171.545056
13.0,2224,1173.408697
35.0,4203,1177.051629
15.0,2643,1179.315356
54.0,4528,1183.19776
25.0,3952,1186.560676
28.0,3627,1189.705356
29.0,2050,1191.455511
30.0,2361,1193.48323
24.0,3645,1196.565776
32.0,4447,1200.377923
29.0,3791,1203.544648
34.0,3725,1206.758162
21.0,2976,1209.29601
28.0,3952,1212.694505
37.0,4306,1216.397119
30.0,3742,1219.561946
30.0,3285,1222.341711
36.0,3069,1224.915733
13.0,1498,1226.151673
44.0,3353,1228.967602
24.0,2491,1231.070827
37.0,4022,1234.422294
47.0,4192,1238.023257
7.0,1503,1239.259953
27.0,3712,1242.398798
15.0,2272,1244.332704
46.0,3533,1247.428222
34.0,4012,1250.883618
22.0,3250,1253.678702
30.0,3952,1257.069596
64.0,4874,1261.196754
36.0,2624,1263.411506
40.0,3934,1266.808618
43.0,3677,1270.002202
18.0,1953,1271.642524
38.0,4115,1275.16651
27.0,3342,1278.038482
18.0,3138,1280.658044
20.0,2910,1283.10149
24.0,2978,1285.684941
31.0,3813,1288.916118
38.0,3447,1291.836259
42.0,4285,1295.462306
53.0,5614,1300.274926
27.0,3366,1303.155201
21.0,3060,1305.771491
36.0,4365,1309.548965
39.0,4647,1313.542423
36.0,3789,1316.797727
43.0,4274,1320.474258
47.0,4663,1324.470455
29.0,3931,1327.818983
36.0,2840,1330.242618
38.0,4416,1333.973222
257.0,4707,1338.032315
24.0,2842,1340.420229
40.0,2459,1342.50126
61.0,5199,1346.917706
37.0,3788,1350.123945
16.0,2726,1352.411806
34.0,2616,1354.601013
23.0,3551,1357.689912
41.0,3458,1360.635511
24.0,3186,1363.362318
36.0,3226,1366.103053
68.0,5589,1370.934569
44.0,3993,1374.378279
25.0,3070,1377.083147
39.0,3909,1380.426369
40.0,4360,1384.13384
35.0,4175,1387.812464
47.0,4373,1391.594417
62.0,3538,1394.618305
30.0,3254,1397.478578
39.0,2525,1399.626585
36.0,3870,1402.91505
31.0,4618,1406.891795
33.0,4337,1410.609068
52.0,5338,1415.145218
56.0,4922,1419.351513
30.0,3296,1422.125299
25.0,3834,1425.352059
43.0,3793,1428.609005
44.0,4657,1432.646086
59.0,4802,1436.823632
55.0,4347,1440.583978
34.0,2786,1442.963965
34.0,2298,1444.901806
41.0,2867,1447.329205
51.0,4592,1451.228274
50.0,5203,1455.676736
40.0,4331,1459.387532
28.0,2555,1461.519986
28.0,3668,1464.615932
23.0,2808,1467.091584
44.0,5139,1471.450035
23.0,2982,1474.006921
27.0,2435,1476.062208
43.0,2565,1478.258748
46.0,3779,1481.461127
40.0,4529,1485.329008
24.0,3585,1488.42119
24.0,3834,1491.694952
14.0,1582,1493.033859
49.0,5014,1497.372208
28.0,2782,1499.754234
27.0,3273,1502.534123
30.0,2781,1504.930093
40.0,3467,1507.948008
30.0,2572,1510.152341
34.0,3361,1513.008355
33.0,4204,1516.622452
65.0,5957,1521.750473
32.0,2481,1523.840158
62.0,4739,1527.906102
44.0,4385,1531.626681
30.0,3514,1534.636564
24.0,3143,1537.367811
22.0,2946,1539.865831
42.0,4567,1543.745878
63.0,4322,1547.526792
31.0,3494,1550.527482
38.0,4712,1554.59622
41.0,4661,1558.660734
41.0,4024,1562.073694
43.0,3629,1565.14636
89.0,5163,1569.616547
46.0,4627,1573.594324
15.0,2628,1575.863107
44.0,3295,1578.736038
55.0,2779,1581.086705
37.0,3646,1584.169416
187.0,4741,1588.222131
33.0,3565,1591.267471
54.0,3991,1594.67065
47.0,4197,1598.331944
23.0,2285,1600.279146
37.0,3837,1603.583952
34.0,2302,1605.536822
43.0,3706,1608.776347
69.0,4606,1612.764188
11.0,1989,1614.444862
25.0,2971,1617.021435
43.0,3997,1620.467374
55.0,4520,1624.348747
44.0,3838,1627.645619
43.0,4976,1631.875188
79.0,5789,1636.896919
79.0,5945,1642.021102
42.0,4630,1645.945268
42.0,4496,1649.875129
52.0,4150,1653.370786
34.0,4138,1656.985698
44.0,4273,1660.663757
54.0,4913,1664.91578
57.0,5317,1669.614596
24.0,2906,1672.149046
38.0,4330,1675.96052
50.0,4401,1679.84264
24.0,2791,1682.217536
28.0,3091,1684.857932
54.0,4626,1688.870507
34.0,3184,1691.592091
245.0,3916,1694.975148
44.0,3767,1698.268809
23.0,3068,1700.954013
13.0,2086,1702.744125
78.0,5983,1707.85732
36.0,3261,1710.62634
20.0,3488,1713.543247
22.0,3569,1716.553825
69.0,5470,1721.244962
28.0,3661,1724.351986
