#{"t_start": 1773916084.8920743, "env_id": "BreakoutNoFrameskip-v4"}
r,l,t
0.0,535,3.990235
0.0,506,4.169188
3.0,1076,4.574843
1.0,649,4.797308
0.0,525,4.983302
1.0,644,5.223846
2.0,808,5.587181
1.0,704,5.835841
4.0,1155,6.23542
1.0,628,6.453703
3.0,1106,6.830021
3.0,1098,7.211074
2.0,816,7.497059
0.0,517,7.676278
1.0,635,7.896785
1.0,636,8.127113
1.0,721,8.372632
0.0,509,8.55068
0.0,524,8.736088
2.0,822,9.015657
0.0,519,9.192913
0.0,521,9.367732
0.0,529,9.545037
1.0,618,9.755347
2.0,825,10.036877
0.0,522,10.214793
1.0,692,10.454815
3.0,1001,10.798633
3.0,1090,11.181825
4.0,1049,11.545166
3.0,1089,11.9192
3.0,942,12.238855
3.0,1100,12.613577
0.0,519,12.790298
1.0,645,13.010165
1.0,713,13.260282
2.0,778,13.523556
2.0,833,13.805444
2.0,896,14.121323
4.0,1140,14.51853
1.0,638,14.741128
0.0,520,14.921041
0.0,533,15.111899
2.0,885,15.442513
4.0,1194,15.890182
1.0,700,16.144346
2.0,919,16.465314
0.0,524,16.647221
2.0,898,16.955675
2.0,890,17.266105
0.0,523,17.447849
0.0,535,17.63332
1.0,708,17.881866
0.0,501,18.05958
0.0,501,18.239394
4.0,1305,18.690402
0.0,541,18.877069
3.0,1020,19.232884
0.0,525,20.956338
0.0,525,21.320012
1.0,713,21.842596
8.0,1933,23.331877
1.0,707,23.853084
0.0,540,24.245987
0.0,524,24.634206
0.0,533,25.010009
0.0,537,25.407396
5.0,1213,26.363609
0.0,516,26.748053
0.0,536,27.133844
0.0,532,27.539699
2.0,813,28.168428
1.0,691,28.692061
0.0,519,29.093208
0.0,533,29.489216
0.0,527,29.884933
1.0,688,30.42525
2.0,814,31.043904
0.0,535,31.426684
4.0,1094,32.278173
0.0,523,32.68609
0.0,524,33.073664
0.0,532,33.460447
0.0,541,33.868869
4.0,1078,34.744385
1.0,620,35.240287
2.0,753,35.864489
1.0,702,36.410968
3.0,931,37.155547
0.0,517,37.543601
4.0,1214,38.494468
0.0,528,38.883493
0.0,537,39.284066
0.0,521,39.683071
0.0,520,40.072287
0.0,515,40.469767
3.0,891,41.166764
2.0,737,41.747442
1.0,651,42.246038
0.0,533,42.641037
2.0,817,43.304201
0.0,541,43.721877
2.0,817,44.370561
2.0,790,45.011404
0.0,523,45.434777
0.0,505,45.851747
3.0,986,46.67473
5.0,1406,47.84862
1.0,633,48.357891
0.0,507,48.758033
0.0,535,49.176795
1.0,720,49.751335
0.0,528,50.150038
2.0,838,50.834235
0.0,490,51.234582
2.0,735,51.833317
5.0,1414,53.011727
1.0,637,53.522669
0.0,531,53.941451
1.0,704,54.514155
0.0,542,54.945631
1.0,640,55.484932
0.0,543,55.915895
3.0,997,56.754148
0.0,516,57.155286
7.0,1603,58.496655
0.0,536,58.91866
0.0,527,59.33102
0.0,533,59.751011
3.0,1016,60.595251
1.0,625,61.100032
3.0,1018,61.960271
2.0,821,62.659714
3.0,1013,63.501178
3.0,998,64.341262
0.0,511,64.760436
2.0,817,65.441201
2.0,798,66.120967
1.0,710,66.721718
1.0,648,67.255275
0.0,517,67.677986
0.0,499,68.087471
2.0,749,68.723775
1.0,712,69.31524
3.0,1030,70.171606
1.0,637,70.692074
1.0,635,71.205002
0.0,506,71.605918
1.0,725,72.202501
0.0,539,72.635093
0.0,512,73.045527
0.0,517,73.451073
0.0,542,73.883342
0.0,537,74.324418
1.0,649,74.842939
0.0,540,75.280668
1.0,698,75.902862
0.0,535,76.329268
0.0,531,76.764562
0.0,542,77.184798
0.0,519,77.601298
1.0,613,78.109413
0.0,532,78.535527
0.0,524,78.951584
3.0,1017,79.775519
1.0,610,80.267711
3.0,1000,81.104189
0.0,516,81.519077
4.0,1196,82.529519
1.0,710,83.114444
0.0,515,83.518203
0.0,527,83.941204
0.0,528,84.364758
3.0,1025,85.224671
2.0,821,85.916909
0.0,532,86.338226
0.0,535,86.753313
5.0,1423,87.935674
0.0,524,88.357415
2.0,935,89.115257
1.0,701,89.686401
0.0,532,90.097763
0.0,516,90.504663
0.0,517,90.922661
3.0,1111,91.837908
3.0,1009,92.686941
0.0,531,93.114207
0.0,524,93.529224
0.0,543,93.96818
0.0,515,94.396671
1.0,631,94.918863
1.0,606,95.425578
0.0,520,95.862142
2.0,800,96.511318
2.0,830,97.186403
2.0,935,97.956274
1.0,723,98.53132
0.0,523,98.95414
0.0,516,99.376433
3.0,899,100.1217
2.0,822,100.804548
1.0,649,101.32529
1.0,692,101.877229
0.0,534,102.293896
0.0,519,102.721449
1.0,647,103.245129
1.0,619,103.760154
0.0,516,104.179046
0.0,531,104.615727
2.0,819,105.298749
5.0,1135,106.262131
2.0,891,106.998446
0.0,539,107.411482
2.0,835,108.095591
2.0,822,108.773027
2.0,819,109.436812
0.0,511,109.841875
0.0,494,110.235747
0.0,518,110.642612
0.0,515,111.068105
2.0,812,111.72197
0.0,543,112.137087
3.0,928,112.894454
0.0,537,113.316979
0.0,523,113.737468
0.0,539,114.167417
1.0,633,114.670568
6.0,1335,115.821297
0.0,516,116.240613
1.0,655,116.768027
0.0,534,117.194331
0.0,519,117.599286
6.0,1522,118.883828
4.0,1224,119.875307
0.0,532,120.289989
2.0,818,120.970346
4.0,1216,121.977759
1.0,626,122.470474
0.0,531,122.881545
0.0,542,123.294175
3.0,1017,124.136034
7.0,1021,124.968296
0.0,535,125.405187
0.0,514,125.846646
1.0,631,126.356598
0.0,509,126.759719
0.0,515,127.171584
1.0,651,127.681591
5.0,1426,128.869288
4.0,1113,129.795397
0.0,535,130.212773
0.0,524,130.62489
0.0,500,131.025854
3.0,1092,131.936093
2.0,810,132.602334
4.0,1276,133.690364
0.0,533,134.120775
0.0,511,134.529822
2.0,817,135.205644
0.0,505,135.626034
1.0,644,136.139429
0.0,501,136.536796
2.0,791,137.191633
0.0,527,137.621586
1.0,652,138.123219
2.0,800,138.781254
0.0,499,139.185959
3.0,1096,140.095181
2.0,922,140.841813
0.0,515,141.250585
0.0,531,141.662882
2.0,822,142.315694
2.0,881,143.02739
0.0,528,143.448264
1.0,715,144.028907
2.0,803,144.682222
0.0,536,145.111614
2.0,769,145.753315
0.0,520,146.163616
2.0,749,146.778347
2.0,842,147.446085
4.0,1077,148.347108
3.0,992,149.164606
3.0,885,149.882021
0.0,532,150.302285
12.0,1744,151.755939
2.0,838,152.425122
0.0,527,152.865905
0.0,535,153.314265
2.0,913,154.058207
0.0,531,154.487098
3.0,897,155.23173
4.0,1067,156.170231
2.0,831,156.849461
1.0,639,157.376392
7.0,1015,158.209271
1.0,641,158.713258
1.0,721,159.288357
9.0,1628,160.638993
0.0,517,161.049487
1.0,648,161.568061
0.0,505,161.961843
0.0,521,162.364976
0.0,525,162.795266
0.0,529,163.215542
3.0,1104,164.128937
4.0,1224,165.14451
0.0,535,165.582686
1.0,614,166.078805
0.0,521,166.505923
2.0,907,167.262615
3.0,994,168.06802
3.0,954,168.846282
3.0,1036,169.684105
4.0,1105,170.607479
4.0,1208,171.610208
0.0,515,172.02203
3.0,1128,172.945088
2.0,738,173.546987
1.0,717,174.113706
6.0,1377,175.263599
0.0,537,175.705335
4.0,1130,176.634443
4.0,1045,177.500592
2.0,744,178.103972
11.0,1107,179.005737
4.0,1102,179.905301
1.0,712,180.484121
5.0,1426,181.645554
4.0,1074,182.51423
3.0,1010,183.355416
4.0,1148,184.316035
5.0,1481,185.614635
9.0,1522,186.904412
4.0,1105,187.821247
0.0,519,188.239143
1.0,717,188.813077
11.0,1111,189.724021
7.0,1690,191.151844
5.0,1219,192.168341
3.0,951,192.963587
3.0,1031,193.805646
0.0,524,194.233678
0.0,516,194.652634
0.0,521,195.071631
1.0,703,195.679916
0.0,533,196.101846
0.0,528,196.526278
7.0,1634,197.931991
0.0,515,198.355671
0.0,531,198.782104
10.0,2182,200.619968
0.0,528,201.052632
0.0,531,201.476258
0.0,543,201.912746
2.0,818,202.585158
0.0,516,203.004769
1.0,644,203.530418
3.0,921,204.326685
0.0,524,204.737796
0.0,521,205.166574
0.0,520,205.609816
0.0,525,206.03782
9.0,1530,207.349822
1.0,727,207.942581
0.0,516,208.37134
11.0,1866,209.976481
2.0,809,210.640805
16.0,2278,212.5681
11.0,1103,213.454603
0.0,535,213.881124
0.0,519,214.304236
0.0,528,214.728758
1.0,644,215.257878
3.0,879,216.015933
1.0,712,216.596218
0.0,539,217.025713
11.0,1888,218.623833
15.0,2399,220.670192
0.0,543,221.096217
3.0,883,221.816054
2.0,911,222.559988
13.0,1430,223.792311
12.0,2086,225.616168
4.0,1063,226.502501
4.0,1212,227.503305
2.0,812,228.161926
11.0,1811,229.721234
9.0,1267,230.782146
0.0,520,231.205016
9.0,1423,232.376114
2.0,827,233.063071
0.0,532,233.481547
3.0,949,234.289227
14.0,2410,236.365605
15.0,2510,238.476071
1.0,708,239.052881
1.0,649,239.569752
3.0,885,240.292141
11.0,1904,241.874114
2.0,832,242.561239
9.0,1403,243.74305
12.0,2098,245.613043
17.0,1483,246.861114
6.0,1337,247.955936
6.0,1383,249.100486
11.0,1099,250.001796
13.0,1874,251.59242
7.0,1720,253.050629
6.0,1460,254.270415
5.0,1109,255.192308
7.0,1462,256.474709
11.0,1896,258.106446
2.0,734,258.713155
6.0,1376,259.864279
3.0,924,260.624928
6.0,1424,261.809424
5.0,1232,262.842322
7.0,1547,264.135733
1.0,635,264.676933
4.0,1051,265.574636
7.0,1659,266.960828
10.0,1834,268.498213
5.0,1102,269.409056
10.0,2158,271.25245
7.0,1568,272.571339
4.0,1090,273.464169
12.0,1723,274.942131
11.0,1107,275.887475
5.0,1320,277.006666
4.0,1087,277.909117
4.0,1039,278.778051
16.0,1969,280.458638
18.0,2520,282.576621
4.0,1235,283.603875
17.0,1567,284.922781
9.0,1620,286.329684
9.0,1407,287.532899
12.0,1996,289.21559
6.0,1223,290.231617
16.0,1814,291.762391
4.0,1004,292.590834
8.0,1131,293.511044
14.0,1551,294.828288
10.0,2106,296.662177
7.0,1502,297.93012
15.0,1761,299.433128
14.0,2251,301.333884
11.0,1547,302.612757
11.0,1705,304.049607
8.0,1746,305.563078
9.0,1954,307.218677
5.0,1081,308.129496
14.0,1550,309.452562
7.0,1592,310.785028
6.0,1478,312.04741
6.0,1473,313.261722
16.0,2343,315.257065
16.0,2621,317.528452
5.0,1285,318.606792
6.0,1373,319.746539
10.0,1543,321.039185
9.0,1413,322.206433
12.0,1936,323.849638
9.0,1339,324.952396
9.0,1987,326.670319
4.0,1061,327.562005
12.0,1697,329.005153
2.0,771,329.645567
13.0,1422,330.848391
15.0,2494,332.987258
21.0,2029,334.732118
7.0,1691,336.216738
7.0,1550,337.522247
15.0,1606,338.860871
12.0,1243,339.885433
21.0,1663,341.271906
8.0,1801,342.750322
10.0,2016,344.462724
14.0,2330,346.470396
12.0,2218,348.326127
7.0,994,349.174838
10.0,2069,350.888233
8.0,1139,351.822162
20.0,2750,354.124559
20.0,1495,355.373054
18.0,1199,356.383097
6.0,1348,357.505789
18.0,2012,359.203267
3.0,883,359.92126
6.0,1543,361.216753
11.0,1916,362.83078
13.0,2294,364.76971
13.0,2110,366.600607
24.0,2281,368.522983
9.0,1255,369.548226
5.0,1253,370.585912
9.0,1252,371.615104
22.0,3017,374.147819
10.0,1398,375.332493
18.0,2434,377.424622
23.0,2412,379.475204
11.0,1896,381.076241
13.0,2117,382.837078
14.0,1615,384.194979
16.0,2356,386.191028
21.0,1790,387.71576
10.0,2025,389.416126
13.0,2112,391.173484
14.0,1647,392.530754
11.0,1782,394.047745
16.0,2532,396.280766
17.0,1425,397.462693
12.0,2006,399.161113
10.0,2147,400.978864
18.0,2370,402.968977
28.0,1820,404.496236
17.0,2541,406.710605
14.0,1510,407.963074
10.0,1863,409.532228
22.0,1695,410.953581
15.0,1886,412.513078
22.0,1911,414.101974
24.0,2494,416.214646
16.0,2053,417.928091
15.0,2117,419.696196
12.0,2096,421.450265
10.0,1506,422.72597
19.0,2899,425.152498
30.0,2085,426.942685
17.0,2090,428.700025
14.0,2119,430.472626
15.0,1811,431.987628
12.0,1299,433.062395
15.0,2507,435.191339
10.0,1962,436.905316
20.0,2253,438.854622
24.0,2831,441.275496
4.0,980,442.09617
20.0,1817,443.63045
6.0,1384,444.786845
32.0,3189,447.542638
13.0,1358,448.66569
19.0,2274,450.571519
12.0,1318,451.660275
13.0,1968,453.277303
19.0,2362,455.250159
14.0,1510,456.555083
16.0,2770,458.9295
12.0,1683,460.36917
22.0,3110,462.997939
17.0,2710,465.319533
19.0,2688,467.595989
19.0,2116,469.39863
12.0,2012,471.065376
22.0,1730,472.491385
16.0,2798,474.84428
8.0,1699,476.266493
22.0,1646,477.634793
16.0,2368,479.598613
36.0,2149,481.37955
12.0,1782,482.851312
20.0,2191,484.670075
19.0,2145,486.496449
9.0,1851,488.030205
23.0,3280,490.806175
20.0,2635,493.016377
8.0,1646,494.377965
12.0,2342,496.389691
19.0,2626,498.624232
8.0,1581,499.96573
13.0,1506,501.235408
18.0,2408,503.274729
29.0,3454,506.220067
19.0,2198,508.09267
14.0,2446,510.148815
22.0,2619,512.348181
31.0,2546,514.484448
18.0,2202,516.460528
28.0,3485,519.422337
25.0,2854,521.859698
40.0,2478,523.942953
21.0,2471,526.052961
24.0,2058,527.798796
21.0,2804,530.198942
35.0,4401,533.868972
18.0,3090,536.465331
31.0,3638,539.523106
31.0,3514,542.461624
25.0,2258,544.356201
17.0,1882,545.977483
20.0,3150,548.676126
196.0,2607,550.886672
9.0,1790,552.382019
24.0,2035,554.073637
12.0,2130,555.888833
23.0,2794,558.259299
29.0,2823,560.66279
18.0,2305,562.607048
20.0,3114,565.236301
21.0,2289,567.178314
23.0,2087,568.919073
27.0,2402,570.921121
24.0,2717,573.178814
28.0,3058,575.786225
14.0,2119,577.543715
26.0,2083,579.292229
19.0,2267,581.184106
19.0,2294,583.096837
16.0,2011,584.781464
30.0,2046,586.533761
18.0,2103,588.292143
22.0,2343,590.290908
29.0,2234,592.139083
17.0,2014,593.814027
27.0,2842,596.214749
20.0,2990,598.717771
21.0,3266,601.479719
16.0,2168,603.27159
29.0,2034,604.945912
34.0,2537,607.111783
31.0,3590,610.206003
17.0,2606,612.411904
19.0,2259,614.316876
28.0,2570,616.522543
6.0,1448,617.741647
20.0,2168,619.605131
14.0,2674,621.84153
22.0,3028,624.398673
24.0,3314,627.235668
16.0,1822,628.785777
14.0,2614,630.995655
18.0,2150,632.787745
25.0,2179,634.620815
15.0,2160,636.487875
25.0,3353,639.317858
23.0,2801,641.627683
19.0,2376,643.613261
15.0,2528,645.765713
22.0,3768,648.979748
10.0,2133,650.739594
15.0,2486,652.786198
24.0,2586,654.949542
16.0,2419,656.986688
24.0,2563,659.150672
28.0,3130,661.76881
45.0,4247,665.341674
13.0,2075,667.086947
30.0,2086,668.81212
30.0,3226,671.544583
20.0,3519,674.509259
16.0,2251,676.468291
15.0,2330,678.455703
17.0,1899,680.042216
10.0,1674,681.431787
31.0,3650,684.506751
15.0,2218,686.407537
17.0,2440,688.455781
