#{"t_start": 1774090219.845025, "env_id": "ALE/SpaceInvaders-v5"}
r,l,t
220.0,744,1.288607
55.0,497,1.865902
30.0,438,2.377107
180.0,723,3.230958
115.0,462,3.780298
200.0,519,4.399143
105.0,473,4.963071
230.0,663,5.740188
260.0,739,6.645401
135.0,448,7.185789
155.0,617,7.934108
50.0,303,8.281973
85.0,499,8.903341
415.0,894,9.993515
90.0,448,10.536613
160.0,672,11.360302
115.0,500,11.979224
470.0,920,13.090907
310.0,704,13.962831
105.0,557,14.623957
270.0,1205,16.049557
200.0,606,16.819324
65.0,291,17.161489
235.0,626,17.918584
50.0,379,18.383404
125.0,494,18.985527
165.0,509,19.618528
160.0,669,20.469569
230.0,707,21.352098
200.0,546,22.020306
35.0,383,22.498096
205.0,785,23.476181
120.0,530,24.145363
190.0,615,24.899575
140.0,474,25.480076
360.0,766,26.403326
155.0,659,27.224908
50.0,273,27.535561
55.0,341,27.937929
210.0,888,29.009232
60.0,291,29.358401
210.0,717,30.245028
195.0,880,31.326373
50.0,264,31.641416
50.0,428,32.168653
20.0,370,32.629166
90.0,600,33.396818
120.0,375,33.854384
460.0,820,34.900172
80.0,464,35.509098
85.0,450,36.073242
110.0,448,36.643449
290.0,943,37.837459
80.0,450,38.400805
30.0,285,38.752701
105.0,469,39.338115
115.0,515,39.984949
165.0,559,40.685599
140.0,604,41.468452
295.0,754,42.433224
295.0,907,43.574635
110.0,531,44.306935
35.0,336,44.737824
90.0,386,45.226817
210.0,624,46.04977
140.0,498,46.716751
135.0,578,47.45464
90.0,506,48.09798
75.0,521,48.753201
85.0,471,49.33133
40.0,584,50.066067
45.0,508,50.698598
80.0,386,51.190542
15.0,278,51.523678
75.0,385,52.010972
30.0,299,52.381815
100.0,519,53.038745
180.0,575,53.747363
125.0,617,54.522284
105.0,474,55.14163
50.0,275,55.481606
125.0,507,56.118516
75.0,436,56.712052
185.0,691,57.616985
80.0,340,58.052946
15.0,500,58.703356
265.0,808,59.752502
95.0,599,60.494793
280.0,885,61.583537
70.0,481,62.185834
35.0,388,62.665049
50.0,450,63.242137
185.0,561,63.967499
235.0,588,64.719126
80.0,587,65.467793
425.0,773,66.489392
110.0,467,67.134139
240.0,716,68.074053
165.0,513,68.74286
155.0,567,69.486251
150.0,505,70.160296
60.0,415,70.68948
30.0,482,71.32012
45.0,385,71.825495
110.0,477,72.436013
60.0,380,72.922461
215.0,526,73.576341
70.0,434,74.149671
325.0,802,75.202149
110.0,517,75.869426
175.0,540,76.618578
105.0,520,77.311033
20.0,253,77.637062
85.0,381,78.137656
30.0,252,78.452004
190.0,531,79.155081
160.0,467,79.751652
260.0,783,80.793043
55.0,304,81.196655
45.0,528,81.883481
180.0,515,82.563509
40.0,430,83.111779
355.0,665,83.945867
80.0,281,84.287863
50.0,386,84.783224
180.0,516,85.447397
110.0,668,86.32322
465.0,723,87.290935
795.0,922,88.49483
100.0,285,88.869726
315.0,876,89.987999
135.0,492,90.622895
320.0,684,91.507587
355.0,596,92.275912
115.0,523,92.947952
175.0,742,93.934926
40.0,502,94.586204
320.0,889,95.766557
225.0,557,96.457214
100.0,614,97.269772
85.0,392,97.763602
265.0,821,98.810553
105.0,399,99.332607
540.0,772,100.347813
255.0,734,101.307737
75.0,349,101.762384
105.0,524,102.454833
215.0,819,103.569564
220.0,684,104.473174
45.0,382,104.963699
80.0,466,105.571913
110.0,598,106.37076
235.0,763,107.428384
495.0,737,108.45521
115.0,496,109.114478
70.0,381,109.613937
155.0,524,110.34179
60.0,389,110.860936
110.0,486,111.54147
170.0,535,112.272292
105.0,383,112.807196
110.0,402,113.328643
95.0,460,113.944003
380.0,795,114.995566
180.0,612,115.80694
320.0,792,116.866126
285.0,792,117.928493
220.0,533,118.658781
260.0,563,119.436932
180.0,503,120.136658
355.0,819,121.244799
50.0,390,121.761601
250.0,616,122.600618
330.0,668,123.501774
215.0,645,124.38822
50.0,278,124.756309
50.0,249,125.086473
95.0,374,125.585223
110.0,485,126.247971
80.0,300,126.680884
155.0,567,127.454292
170.0,535,128.196041
275.0,627,129.033177
385.0,830,130.152535
80.0,397,130.677365
245.0,553,131.435041
240.0,722,132.403906
155.0,514,133.140193
45.0,296,133.544379
255.0,687,134.521969
115.0,462,135.187978
235.0,611,136.035806
225.0,582,136.882784
125.0,525,137.600301
240.0,491,138.271461
105.0,439,138.882187
110.0,292,139.259087
35.0,275,139.608636
80.0,378,140.119201
140.0,417,140.697326
140.0,469,141.328353
160.0,421,141.90272
45.0,248,142.220427
105.0,314,142.63092
105.0,459,143.236009
330.0,792,144.31887
130.0,513,145.011479
125.0,733,146.040041
140.0,521,146.787289
105.0,436,147.395437
140.0,471,148.034737
85.0,312,148.448667
480.0,776,149.561204
90.0,352,150.048673
150.0,401,150.596169
240.0,505,151.303055
65.0,408,151.87508
95.0,364,152.352222
185.0,506,153.026325
120.0,408,153.584907
135.0,475,154.217002
200.0,378,154.718639
185.0,612,155.57581
130.0,543,156.308693
80.0,377,156.850715
310.0,743,157.849596
105.0,381,158.368553
45.0,364,158.86851
170.0,697,159.831345
415.0,774,160.890953
135.0,385,161.411623
70.0,471,162.043271
50.0,258,162.377733
95.0,348,162.848061
105.0,295,163.244171
150.0,405,163.810269
75.0,358,164.307106
260.0,724,165.348743
150.0,437,165.993084
330.0,833,167.211479
130.0,381,167.766768
85.0,379,168.28858
65.0,289,168.671251
630.0,850,169.880393
170.0,408,170.452034
50.0,385,170.995968
170.0,518,171.75859
80.0,359,172.256203
115.0,389,172.818858
395.0,867,174.010299
55.0,416,174.603896
235.0,584,175.429375
260.0,698,176.424039
130.0,516,177.188772
215.0,542,177.953531
110.0,303,178.401211
230.0,603,179.260972
75.0,381,179.800428
170.0,501,180.550673
265.0,447,181.22301
135.0,483,181.945361
285.0,560,182.768563
190.0,488,183.463763
180.0,554,184.268287
140.0,489,184.983403
20.0,246,185.308832
545.0,890,186.630965
85.0,341,187.099242
70.0,379,187.63398
230.0,580,188.462461
190.0,455,189.119757
160.0,547,189.925012
305.0,678,190.90974
315.0,709,191.943269
55.0,270,192.321995
85.0,392,192.894447
135.0,492,193.608698
290.0,754,194.740642
105.0,352,195.251721
185.0,503,195.973076
15.0,386,196.55949
105.0,349,197.053184
135.0,402,197.623686
90.0,265,197.997643
505.0,672,198.982599
80.0,330,199.464128
230.0,630,200.392213
185.0,641,201.330765
280.0,639,202.26054
100.0,456,202.954494
390.0,927,204.298567
375.0,662,205.26532
210.0,649,206.191824
165.0,523,206.96403
145.0,560,207.745288
130.0,365,208.236423
185.0,509,208.952943
215.0,608,209.853842
110.0,461,210.517353
85.0,362,211.037009
265.0,481,211.70189
345.0,741,212.727342
110.0,389,213.259366
110.0,374,213.770826
255.0,718,214.788925
150.0,517,215.510828
130.0,419,216.060439
315.0,692,217.018727
190.0,513,217.743601
335.0,649,218.672247
385.0,990,220.074171
100.0,383,220.595222
245.0,612,221.49897
60.0,237,221.84375
450.0,690,222.83995
280.0,544,223.637217
40.0,238,223.957771
440.0,607,224.82869
165.0,464,225.478564
225.0,693,226.49798
80.0,395,227.067638
445.0,1210,228.782746
215.0,448,229.402853
500.0,648,230.312051
210.0,668,231.258963
125.0,489,231.959526
90.0,360,232.462791
110.0,377,232.975773
165.0,382,233.518176
45.0,266,233.875895
210.0,685,234.855116
190.0,519,235.600011
80.0,412,236.195584
615.0,962,237.559436
535.0,873,238.802158
125.0,512,239.53669
495.0,574,240.34018
135.0,385,240.889899
250.0,553,241.657304
350.0,837,242.864959
285.0,654,243.810428
190.0,514,244.554067
160.0,588,245.407291
145.0,373,245.947997
260.0,523,246.765977
355.0,738,247.837298
235.0,663,248.796767
70.0,284,249.197944
95.0,343,249.705748
105.0,263,250.07943
125.0,425,250.680156
210.0,494,251.376085
300.0,796,252.527119
245.0,746,253.57257
85.0,449,254.197802
235.0,786,255.29503
195.0,494,255.984472
140.0,361,256.517838
420.0,721,257.521781
660.0,941,258.829359
240.0,557,259.637338
430.0,940,260.959798
650.0,911,262.236571
540.0,1313,264.089616
250.0,581,264.956437
225.0,483,265.672167
195.0,546,266.491151
215.0,592,267.366498
430.0,839,268.575557
235.0,611,269.45721
160.0,473,270.150279
25.0,373,270.682547
135.0,477,271.370777
195.0,502,272.088025
130.0,355,272.598324
235.0,614,273.476353
255.0,618,274.369446
545.0,801,275.49521
550.0,1043,276.973307
220.0,547,277.71627
215.0,488,278.392896
370.0,753,279.455359
200.0,510,280.200873
175.0,386,280.748235
145.0,384,281.30915
70.0,326,281.791907
250.0,508,282.53621
190.0,499,283.253732
235.0,521,283.995566
100.0,497,284.695956
255.0,542,285.4503
235.0,526,286.196787
65.0,382,286.764848
225.0,713,287.77747
135.0,482,288.451518
305.0,684,289.434454
160.0,507,290.144511
700.0,1138,291.745406
80.0,257,292.09593
200.0,460,292.760724
340.0,642,293.674302
30.0,280,294.046256
70.0,309,294.477296
195.0,473,295.156668
160.0,504,295.891526
435.0,746,296.964602
320.0,748,298.044061
230.0,723,299.081934
155.0,478,299.764131
290.0,632,300.684111
320.0,694,301.70655
325.0,706,302.731027
445.0,591,303.597486
385.0,567,304.421473
555.0,769,305.557514
515.0,1011,307.007953
350.0,563,307.820745
305.0,704,308.833156
330.0,699,309.817692
335.0,737,310.864675
305.0,661,311.816048
170.0,451,312.448688
185.0,411,313.01641
335.0,571,313.830352
215.0,561,314.636199
205.0,543,315.440097
200.0,473,316.139384
215.0,437,316.80869
260.0,601,317.679887
205.0,754,318.786994
215.0,680,319.788021
185.0,407,320.37126
170.0,417,320.99105
95.0,372,321.532557
160.0,491,322.260339
485.0,939,323.543604
360.0,812,324.649604
225.0,451,325.288083
245.0,635,326.168147
115.0,374,326.729377
190.0,506,327.41433
85.0,405,327.973744
405.0,808,329.06931
340.0,671,330.047302
305.0,604,330.933441
220.0,578,331.788905
330.0,632,332.68826
245.0,676,333.663368
300.0,577,334.465724
250.0,563,335.24199
500.0,811,336.411575
245.0,462,337.085556
105.0,362,337.606451
255.0,635,338.504321
80.0,259,338.862282
165.0,537,339.634283
365.0,685,340.624722
205.0,530,341.390596
200.0,487,342.089303
210.0,514,342.836004
180.0,430,343.47084
225.0,463,344.160165
685.0,707,345.156477
100.0,362,345.666811
420.0,701,346.682125
270.0,541,347.473755
530.0,593,348.335055
480.0,798,349.453416
300.0,560,350.25386
395.0,748,351.332334
275.0,596,352.196155
225.0,539,352.964388
315.0,679,353.974791
310.0,692,354.994013
220.0,551,355.811042
340.0,615,356.737775
200.0,446,357.397362
225.0,589,358.270692
625.0,876,359.562486
270.0,632,360.472577
220.0,441,361.120626
300.0,595,361.979975
225.0,518,362.722659
410.0,835,363.926261
275.0,762,365.07592
225.0,469,365.754195
495.0,701,366.805468
480.0,531,367.591781
195.0,457,368.253015
330.0,586,369.100663
285.0,671,370.082255
65.0,258,370.457014
335.0,582,371.317877
575.0,831,372.517233
460.0,663,373.479368
190.0,480,374.195066
130.0,322,374.656572
405.0,777,375.778437
165.0,399,376.367456
270.0,639,377.320827
135.0,476,378.000022
285.0,655,378.943609
210.0,389,379.501142
185.0,379,380.041864
265.0,604,380.929602
325.0,495,381.623212
215.0,646,382.587053
405.0,743,383.665282
85.0,394,384.234469
540.0,1083,385.780336
405.0,810,387.001499
115.0,352,387.503569
230.0,615,388.414276
295.0,630,389.30856
225.0,539,390.072079
520.0,667,391.021435
280.0,468,391.68052
245.0,447,392.317115
625.0,699,393.306915
230.0,382,393.847349
160.0,390,394.400042
350.0,750,395.497041
240.0,526,396.246402
125.0,506,397.008069
505.0,698,398.019308
265.0,493,398.727141
285.0,722,399.771426
340.0,648,400.703682
510.0,786,401.863247
375.0,750,402.977531
195.0,473,403.671374
150.0,388,404.250553
295.0,648,405.161665
300.0,623,406.03899
130.0,368,406.581925
345.0,594,407.449781
390.0,647,408.380858
445.0,808,409.521137
110.0,339,409.994513
290.0,724,411.063974
485.0,925,412.38746
295.0,572,413.240812
225.0,515,413.999299
235.0,459,414.653158
370.0,727,415.721854
485.0,862,417.021039
385.0,652,417.994623
255.0,554,418.819174
305.0,689,419.820941
185.0,504,420.550508
260.0,584,421.402522
260.0,568,422.233578
285.0,623,423.14747
200.0,467,423.826446
275.0,547,424.639846
205.0,342,425.154985
410.0,760,426.282098
240.0,429,426.951366
420.0,646,427.912445
90.0,364,428.443271
230.0,429,429.072471
475.0,993,430.492679
495.0,588,431.333786
260.0,569,432.191252
350.0,599,433.081761
320.0,556,433.894867
95.0,327,434.369851
390.0,604,435.271278
260.0,625,436.19936
220.0,366,436.784335
715.0,1188,438.579204
205.0,377,439.138293
190.0,413,439.748783
175.0,349,440.289309
360.0,651,441.300362
575.0,1027,442.810324
330.0,756,443.924691
140.0,299,444.357943
315.0,553,445.204158
180.0,423,445.821534
150.0,283,446.243979
180.0,514,447.035417
195.0,424,447.638799
395.0,814,448.833084
410.0,848,450.096603
410.0,743,451.19969
210.0,582,452.065845
270.0,420,452.666461
215.0,361,453.179647
200.0,417,453.767602
410.0,704,454.790214
340.0,633,455.734496
675.0,882,457.058061
230.0,433,457.695316
175.0,578,458.553011
195.0,369,459.085456
235.0,550,459.881123
195.0,343,460.372504
430.0,771,461.518472
240.0,466,462.213276
260.0,497,462.942091
200.0,426,463.563612
775.0,930,464.926971
160.0,380,465.46739
285.0,517,466.255625
175.0,319,466.755673
395.0,658,467.744577
375.0,720,468.786668
315.0,719,469.792336
310.0,498,470.527668
155.0,309,470.974158
95.0,330,471.449665
415.0,724,472.508773
500.0,970,473.951423
275.0,603,474.867445
215.0,408,475.484319
155.0,422,476.109256
185.0,360,476.67914
185.0,379,477.245029
150.0,429,477.879607
260.0,622,478.833944
260.0,549,479.650757
280.0,550,480.468949
115.0,411,481.087068
560.0,629,482.0431
370.0,683,483.08213
240.0,451,483.76068
580.0,569,484.604568
185.0,357,485.145577
345.0,631,486.097384
240.0,492,486.858863
280.0,600,487.771938
300.0,579,488.651549
185.0,449,489.328979
280.0,623,490.279181
210.0,526,491.053638
245.0,582,491.947876
240.0,513,492.708723
165.0,355,493.239151
255.0,575,494.113538
95.0,354,494.618101
180.0,383,495.183461
305.0,506,495.907027
265.0,449,496.588431
395.0,728,497.658414
345.0,662,498.631083
420.0,586,499.533072
385.0,704,500.545448
190.0,444,501.200301
220.0,497,501.91701
95.0,391,502.482681
190.0,485,503.185413
390.0,569,504.05842
235.0,563,504.913257
365.0,571,505.809025
310.0,483,506.578897
575.0,800,507.778386
200.0,381,508.337129
255.0,609,509.245841
240.0,443,509.90941
280.0,641,510.845682
450.0,816,512.057937
295.0,534,512.869591
320.0,552,513.669115
255.0,479,514.367343
250.0,550,515.175521
120.0,309,515.632167
375.0,555,516.457319
230.0,440,517.134088
460.0,672,518.117886
630.0,746,519.219352
120.0,415,519.844281
470.0,785,520.975446
515.0,819,522.202961
330.0,737,523.307043
110.0,276,523.712732
370.0,743,524.788687
245.0,462,525.451336
110.0,325,525.931593
120.0,286,526.341619
445.0,739,527.483741
490.0,678,528.534605
420.0,783,529.722599
420.0,820,530.961296
430.0,803,532.137435
490.0,938,533.470927
525.0,1001,534.900157
200.0,497,535.636043
195.0,533,536.436826
430.0,653,537.422775
230.0,428,538.070249
150.0,290,538.485923
270.0,545,539.284844
275.0,464,539.97421
230.0,445,540.621421
335.0,647,541.600485
630.0,1065,543.155436
55.0,305,543.601553
185.0,388,544.192178
360.0,624,545.119287
360.0,709,546.19154
370.0,481,546.944358
115.0,417,547.567045
265.0,540,548.38422
315.0,577,549.249265
325.0,769,550.427506
485.0,675,551.43128
165.0,472,552.151646
165.0,483,552.871596
355.0,629,553.827122
335.0,661,554.844859
390.0,639,555.78195
240.0,546,556.645927
195.0,525,557.445489
245.0,489,558.184086
240.0,593,559.076465
295.0,681,560.104999
260.0,392,560.689844
95.0,289,561.10458
275.0,503,561.853734
255.0,744,562.988469
155.0,462,563.690223
560.0,647,564.684507
335.0,673,565.703692
255.0,568,566.597347
390.0,620,567.494011
370.0,874,568.781287
350.0,637,569.7421
280.0,727,570.842905
310.0,563,571.708891
305.0,613,572.6459
360.0,721,573.750328
360.0,643,574.736297
485.0,867,576.037005
475.0,687,577.125318
465.0,873,578.452069
85.0,275,578.854409
550.0,546,579.67755
575.0,821,580.902722
290.0,677,581.967388
625.0,822,583.214856
340.0,703,584.296281
300.0,664,585.301527
75.0,279,585.703443
505.0,687,586.772011
545.0,881,588.10018
215.0,464,588.806816
210.0,424,589.440823
420.0,883,590.769111
310.0,541,591.588452
220.0,408,592.201748
365.0,719,593.299102
395.0,604,594.231945
430.0,797,595.426399
345.0,628,596.401437
215.0,431,597.088762
225.0,525,597.898864
325.0,701,598.946995
340.0,557,599.792095
215.0,393,600.377053
370.0,808,601.589773
275.0,615,602.530273
175.0,482,603.268639
335.0,773,604.464133
535.0,835,605.693246
450.0,768,606.871538
200.0,407,607.476793
545.0,961,608.875174
555.0,786,610.022555
495.0,832,611.265313
185.0,443,611.964203
330.0,471,612.668301
380.0,548,613.49848
210.0,461,614.21382
170.0,411,614.837577
60.0,296,615.271526
185.0,468,615.979294
620.0,725,617.021172
