#{"t_start": 1773918864.940496, "env_id": "BreakoutNoFrameskip-v4"}
r,l,t
0.0,535,0.378384
0.0,506,0.548651
3.0,1076,0.912421
1.0,649,1.130558
0.0,525,1.314214
1.0,644,1.528688
2.0,808,1.805352
1.0,704,2.052827
4.0,1155,2.442434
1.0,628,2.657883
3.0,1106,3.027207
3.0,1098,3.405409
2.0,816,3.680794
0.0,517,3.857548
1.0,635,4.072008
1.0,636,4.289625
1.0,721,4.532828
0.0,509,4.722126
0.0,524,4.902161
2.0,822,5.180343
0.0,519,5.364978
0.0,521,5.559827
0.0,529,5.736899
1.0,618,5.945074
2.0,825,6.232038
0.0,522,6.413319
1.0,692,6.648769
3.0,1001,6.987501
3.0,1090,7.358644
4.0,1049,7.715723
3.0,1089,8.086134
3.0,942,8.402982
3.0,1100,8.771698
0.0,519,8.951501
1.0,645,9.174799
1.0,713,9.425247
2.0,778,9.685582
2.0,833,9.965917
2.0,896,10.268801
4.0,1140,10.658104
1.0,638,10.875044
0.0,520,11.052163
0.0,533,11.231734
2.0,885,11.535777
4.0,1194,11.931395
1.0,700,12.172576
2.0,919,12.487613
0.0,524,12.658686
2.0,898,12.966249
2.0,890,13.265542
0.0,523,13.443963
0.0,535,13.621716
1.0,708,13.861358
0.0,501,14.033519
0.0,501,14.206711
4.0,1305,14.650056
0.0,541,14.831995
3.0,1020,15.186003
0.0,525,15.572361
0.0,533,15.960123
3.0,1018,16.700136
0.0,521,17.067389
2.0,838,17.670582
1.0,736,18.204341
0.0,517,18.564393
0.0,540,18.94267
2.0,835,19.561862
0.0,533,19.941349
0.0,516,20.326485
1.0,731,20.861677
0.0,516,21.221472
0.0,525,21.610029
0.0,519,21.988297
0.0,519,22.380986
2.0,825,22.997876
0.0,535,23.390303
0.0,509,23.777898
4.0,1202,24.725408
0.0,527,25.103461
3.0,1034,25.915244
0.0,523,26.310144
2.0,808,26.919103
2.0,775,27.502983
2.0,749,28.068438
2.0,902,28.76944
0.0,516,29.168685
7.0,1015,29.944744
3.0,1012,30.75133
0.0,519,31.142777
1.0,639,31.628547
4.0,1094,32.48386
0.0,515,32.859078
4.0,1063,33.684985
2.0,753,34.267222
2.0,804,34.905853
0.0,499,35.297387
9.0,1421,36.466205
0.0,524,36.86759
0.0,531,37.263346
0.0,540,37.677485
3.0,930,38.415818
2.0,833,39.058442
0.0,525,39.458298
0.0,514,39.853966
0.0,516,40.249182
0.0,519,40.661128
3.0,992,41.459556
3.0,1002,42.263941
0.0,511,42.675526
0.0,523,43.084571
0.0,535,43.49449
4.0,1142,44.41621
0.0,542,44.834044
1.0,642,45.336565
4.0,1073,46.221039
3.0,924,46.975253
5.0,1406,48.139138
2.0,807,48.797173
2.0,918,49.550107
0.0,508,49.948289
0.0,534,50.358954
2.0,822,51.024385
0.0,522,51.421064
2.0,803,52.066747
0.0,524,52.470733
3.0,1014,53.291996
0.0,536,53.711676
0.0,527,54.125153
1.0,637,54.626924
0.0,529,55.054838
2.0,897,55.832255
0.0,512,56.245677
1.0,641,56.768003
2.0,838,57.45541
0.0,510,57.86324
0.0,519,58.279893
3.0,932,59.049714
5.0,1185,60.030072
1.0,695,60.588613
0.0,533,60.998321
1.0,700,61.557571
0.0,515,61.973601
1.0,696,62.54797
0.0,540,62.967485
2.0,838,63.637156
1.0,655,64.149692
3.0,877,64.866393
2.0,830,65.568388
0.0,511,65.972121
0.0,539,66.388731
0.0,504,66.799781
4.0,1226,67.810901
0.0,542,68.24701
0.0,537,68.678004
2.0,769,69.310801
0.0,540,69.741388
4.0,1202,70.766236
1.0,647,71.300188
0.0,531,71.718395
5.0,1426,72.895234
0.0,527,73.301006
1.0,693,73.867401
1.0,704,74.435104
0.0,524,74.854237
1.0,717,75.45101
0.0,518,75.865533
2.0,894,76.604123
2.0,792,77.264717
0.0,498,77.665708
2.0,824,78.344333
0.0,531,78.770672
1.0,696,79.336857
0.0,520,79.744139
2.0,814,80.416961
2.0,914,81.156399
0.0,524,81.569513
0.0,543,81.982254
2.0,838,82.658654
2.0,740,83.260428
1.0,715,83.82849
2.0,810,84.497691
1.0,704,85.068107
0.0,524,85.516336
0.0,517,85.937567
4.0,1218,86.945171
0.0,509,87.353915
1.0,727,87.945475
1.0,652,88.473082
0.0,543,88.894782
0.0,515,89.307426
0.0,519,89.719324
0.0,516,90.137427
2.0,762,90.752124
2.0,814,91.425239
0.0,538,91.858608
0.0,539,92.292207
2.0,843,92.990569
0.0,523,93.42065
0.0,516,93.836214
1.0,703,94.402019
0.0,506,94.818063
0.0,537,95.245775
0.0,529,95.689914
3.0,1026,96.531888
0.0,519,96.950265
0.0,533,97.364614
1.0,693,97.943723
0.0,511,98.342772
0.0,523,98.759095
7.0,1653,100.136963
3.0,893,100.889606
1.0,719,101.486349
1.0,735,102.069824
1.0,723,102.661688
1.0,706,103.241266
0.0,513,103.651025
0.0,527,104.075168
3.0,1094,105.003256
1.0,720,105.629695
1.0,703,106.211788
1.0,641,106.736691
5.0,1355,107.871629
4.0,999,108.713468
0.0,530,109.133356
0.0,509,109.542111
3.0,981,110.340482
4.0,1199,111.349205
0.0,541,111.768325
2.0,800,112.422226
1.0,731,113.009805
0.0,534,113.431295
1.0,727,114.019739
0.0,526,114.447606
3.0,1034,115.291435
2.0,824,115.986226
2.0,724,116.578927
6.0,1599,117.917329
5.0,1174,118.914654
4.0,1099,119.809925
0.0,528,120.21966
0.0,522,120.626866
0.0,537,121.054895
2.0,911,121.810144
1.0,607,122.310912
3.0,907,123.053298
1.0,623,123.54901
0.0,515,123.96061
4.0,981,124.752462
0.0,518,125.15213
3.0,954,125.954379
2.0,743,126.56066
0.0,539,126.972959
1.0,708,127.542472
0.0,510,127.939518
0.0,524,128.36182
0.0,514,128.780641
7.0,1011,129.610501
1.0,632,130.125089
2.0,750,130.736263
0.0,512,131.155647
3.0,930,131.928146
0.0,515,132.34935
0.0,515,132.780918
0.0,527,133.209654
0.0,543,133.630215
0.0,495,134.034049
0.0,515,134.452162
5.0,1303,135.566073
0.0,521,136.00564
0.0,523,136.42752
2.0,807,137.099625
3.0,950,137.865836
1.0,618,138.373443
0.0,504,138.765771
0.0,503,139.172512
3.0,931,139.947497
0.0,528,140.366633
11.0,1107,141.269892
0.0,503,141.664394
0.0,517,142.076915
4.0,1222,143.080818
0.0,521,143.511444
2.0,800,144.177815
2.0,821,144.864516
2.0,830,145.575721
3.0,1026,146.428529
0.0,538,146.855327
0.0,527,147.269104
0.0,535,147.68914
0.0,535,148.103361
1.0,631,148.598951
7.0,1019,149.427066
0.0,525,149.850863
8.0,1823,151.37959
0.0,527,151.805687
0.0,537,152.22104
0.0,541,152.636435
0.0,543,153.056098
3.0,996,153.860715
3.0,923,154.610008
2.0,754,155.214328
0.0,529,155.657593
0.0,535,156.079121
3.0,923,156.834752
11.0,1099,157.730234
1.0,722,158.305294
1.0,718,158.894071
1.0,649,159.407619
0.0,524,159.8237
7.0,1527,161.081626
0.0,501,161.477437
0.0,516,161.883539
4.0,1120,162.803846
2.0,842,163.47269
3.0,1088,164.397906
3.0,1002,165.244535
1.0,620,165.769787
2.0,816,166.418248
0.0,522,166.838047
3.0,883,167.547735
0.0,538,167.974221
1.0,641,168.481191
2.0,826,169.154534
0.0,514,169.569021
1.0,705,170.155892
1.0,651,170.674006
2.0,822,171.342423
5.0,1334,172.442859
0.0,534,172.85598
4.0,1002,173.664391
2.0,818,174.340961
1.0,640,174.854442
2.0,830,175.555223
2.0,890,176.295502
0.0,537,176.712847
0.0,527,177.136982
7.0,1019,177.971003
11.0,1111,178.875646
0.0,526,179.299807
0.0,543,179.724308
0.0,521,180.150571
3.0,983,180.962715
1.0,696,181.525682
1.0,623,182.046714
1.0,633,182.56253
5.0,1197,183.579515
2.0,826,184.249914
0.0,528,184.669687
2.0,810,185.335393
0.0,515,185.773584
0.0,531,186.193903
4.0,1147,187.128932
2.0,804,187.783885
0.0,531,188.204866
0.0,543,188.623506
0.0,525,189.047104
0.0,516,189.45801
0.0,524,189.874474
0.0,517,190.300739
0.0,524,190.718207
1.0,690,191.278818
0.0,512,191.728201
3.0,918,192.525639
0.0,526,192.946869
1.0,643,193.460961
0.0,516,193.879143
0.0,530,194.284899
11.0,1087,195.192699
5.0,1337,196.311177
11.0,1103,197.208627
0.0,535,197.630322
4.0,1132,198.574605
1.0,640,199.093428
0.0,532,199.50806
0.0,521,199.931717
0.0,528,200.354081
1.0,643,200.85761
0.0,514,201.272096
2.0,815,201.924055
1.0,648,202.428038
3.0,936,203.208295
2.0,919,203.966977
1.0,625,204.480762
3.0,936,205.277658
2.0,915,206.041692
1.0,636,206.548918
2.0,800,207.194482
2.0,906,207.915997
0.0,537,208.331807
0.0,520,208.734161
2.0,834,209.393713
2.0,739,210.002871
4.0,1224,211.020698
2.0,755,211.633982
2.0,800,212.318831
0.0,526,212.733052
0.0,516,213.135203
2.0,839,213.808135
0.0,521,214.211417
2.0,806,214.867645
2.0,824,215.559121
3.0,941,216.318417
2.0,818,216.978686
0.0,513,217.388733
0.0,535,217.798084
1.0,713,218.370177
0.0,521,218.780829
0.0,520,219.196212
4.0,1122,220.169187
3.0,895,220.882229
2.0,829,221.538908
0.0,517,221.951101
0.0,522,222.395828
0.0,519,222.798055
7.0,1015,223.611669
0.0,515,224.022327
0.0,524,224.44503
0.0,520,224.857701
2.0,820,225.572702
0.0,523,225.981819
3.0,1033,226.822918
0.0,543,227.241138
3.0,957,228.001685
2.0,753,228.605668
3.0,926,229.368776
2.0,812,230.021056
0.0,539,230.439958
2.0,755,231.047719
2.0,823,231.70564
0.0,512,232.096794
0.0,527,232.512004
0.0,515,232.941541
2.0,791,233.593229
4.0,1106,234.492721
2.0,819,235.140265
8.0,1807,236.678495
3.0,1012,237.512232
0.0,525,237.925438
0.0,526,238.340284
0.0,516,238.762178
0.0,507,239.162973
0.0,528,239.579746
3.0,878,240.299121
0.0,529,240.71746
4.0,1146,241.662455
0.0,532,242.084457
0.0,515,242.487397
0.0,518,242.909291
3.0,862,243.607231
0.0,515,244.018951
2.0,830,244.691012
5.0,1430,245.897724
0.0,508,246.316635
2.0,813,246.992287
4.0,1222,248.007197
4.0,1090,248.924132
0.0,543,249.360511
0.0,522,249.777522
0.0,527,250.186375
0.0,543,250.605923
1.0,725,251.19713
2.0,767,251.816117
0.0,519,252.213102
1.0,643,252.724028
0.0,543,253.144644
3.0,954,253.922307
0.0,516,254.336556
1.0,630,254.829689
0.0,543,255.252056
2.0,755,255.922378
1.0,702,256.498663
1.0,629,256.993124
0.0,543,257.413029
3.0,868,258.12039
2.0,817,258.786971
8.0,1728,260.204679
4.0,1048,261.066822
0.0,527,261.481895
0.0,540,261.901294
5.0,1194,262.881691
2.0,750,263.492986
1.0,700,264.065083
2.0,779,264.703105
1.0,721,265.281267
2.0,834,265.986076
4.0,1128,266.924875
3.0,950,267.700926
1.0,724,268.274213
1.0,646,268.790464
3.0,1027,269.623249
0.0,523,270.035467
4.0,1230,271.04481
0.0,526,271.457601
0.0,526,271.877433
1.0,629,272.390067
3.0,893,273.109455
0.0,527,273.523365
1.0,716,274.091886
0.0,542,274.508775
0.0,509,274.91751
3.0,1022,275.769106
2.0,818,276.430075
0.0,522,276.84356
2.0,771,277.448499
2.0,817,278.116182
1.0,618,278.619917
2.0,759,279.240806
2.0,755,279.833913
2.0,842,280.504064
3.0,1011,281.322925
0.0,508,281.719351
1.0,627,282.234389
1.0,641,282.788208
4.0,1210,283.782523
0.0,523,284.197011
1.0,722,284.783777
1.0,635,285.313096
1.0,619,285.819977
8.0,1135,286.722991
0.0,512,287.135454
2.0,836,287.801249
2.0,836,288.472014
0.0,521,288.87983
3.0,937,289.627756
0.0,538,290.045308
2.0,771,290.650748
0.0,526,291.070865
1.0,632,291.575708
1.0,726,292.143436
3.0,885,292.854897
1.0,632,293.348715
2.0,741,293.932617
3.0,853,294.631009
3.0,857,295.330638
7.0,1732,296.790193
1.0,624,297.299232
0.0,501,297.698206
3.0,864,298.387418
0.0,524,298.8
7.0,1651,300.189634
1.0,624,300.700384
0.0,523,301.096894
11.0,1107,302.001288
3.0,931,302.757324
3.0,891,303.493819
1.0,652,304.008686
2.0,746,304.599317
14.0,1502,305.860797
0.0,516,306.281737
1.0,630,306.793562
1.0,628,307.294906
2.0,826,307.965085
3.0,1022,308.796636
1.0,627,309.304806
0.0,538,309.714861
1.0,639,310.213395
0.0,512,310.606395
0.0,527,311.009995
1.0,699,311.576067
1.0,648,312.087199
0.0,536,312.507182
2.0,740,313.138019
0.0,497,313.533762
1.0,634,314.039789
0.0,523,314.465654
0.0,530,314.891446
4.0,1069,315.804979
3.0,1010,316.634266
3.0,938,317.410009
3.0,1018,318.245469
0.0,540,318.659866
5.0,1301,319.724654
4.0,1118,320.643353
1.0,620,321.141248
0.0,532,321.556507
0.0,513,321.95453
1.0,626,322.451634
0.0,520,322.856092
0.0,532,323.269711
1.0,638,323.788223
5.0,1200,324.78465
0.0,543,325.218734
4.0,1047,326.103741
2.0,927,326.850124
1.0,630,327.344528
0.0,534,327.749997
0.0,534,328.159231
0.0,538,328.580726
4.0,1110,329.501898
1.0,651,330.021894
2.0,808,330.686353
2.0,798,331.341179
0.0,536,331.747668
1.0,714,332.315901
3.0,867,333.025197
4.0,1208,334.007379
1.0,632,334.509142
1.0,642,335.008299
5.0,1406,336.18857
3.0,1091,337.081653
5.0,1199,338.056378
0.0,530,338.472474
0.0,523,338.87095
1.0,644,339.367023
0.0,516,339.771209
2.0,935,340.521319
0.0,529,340.936649
2.0,809,341.586628
2.0,817,342.248978
0.0,541,342.666582
0.0,523,343.069581
0.0,539,343.480706
1.0,639,343.982147
1.0,649,344.497467
0.0,525,344.905886
0.0,533,345.329654
3.0,877,346.05352
4.0,1222,347.03825
1.0,635,347.537783
0.0,515,347.931713
0.0,536,348.34503
1.0,691,348.896633
9.0,1628,350.214608
1.0,637,350.71716
0.0,519,351.111439
0.0,536,351.523298
1.0,712,352.082392
2.0,838,352.741885
7.0,1690,354.1257
2.0,814,354.786282
4.0,1063,355.681956
0.0,518,356.099042
1.0,635,356.604108
2.0,836,357.270319
0.0,516,357.673133
2.0,831,358.33516
1.0,723,358.915303
0.0,507,359.310592
1.0,652,359.821208
0.0,527,360.231571
5.0,1426,361.411481
1.0,655,361.925119
0.0,540,362.337356
7.0,1016,363.187132
12.0,1155,364.156772
1.0,651,364.67033
1.0,644,365.184152
5.0,1418,366.390049
2.0,827,367.067642
8.0,1204,368.062201
2.0,895,368.793796
2.0,742,369.400571
4.0,1106,370.308261
7.0,1000,371.132925
2.0,830,371.813584
0.0,518,372.228316
4.0,1090,373.137204
0.0,530,373.590127
1.0,651,374.100297
6.0,1327,375.211271
0.0,536,375.675401
4.0,1199,376.713832
6.0,1502,377.957206
0.0,518,378.368847
6.0,1493,379.606289
1.0,639,380.117269
11.0,1099,381.02815
1.0,645,381.535707
3.0,912,382.290166
3.0,891,383.016165
2.0,749,383.624801
0.0,515,384.036039
1.0,614,384.552016
2.0,848,385.25689
4.0,1080,386.1839
1.0,716,386.775475
7.0,1328,387.88019
10.0,1395,389.052114
0.0,508,389.456809
2.0,752,390.070573
1.0,649,390.577497
3.0,885,391.289764
2.0,739,391.901475
5.0,1193,392.89393
0.0,524,393.308033
1.0,631,393.825035
0.0,536,394.24068
1.0,615,394.728336
4.0,1082,395.648566
2.0,808,396.308208
2.0,819,396.984372
2.0,912,397.728207
3.0,891,398.461036
3.0,881,399.184206
0.0,524,399.598475
2.0,851,400.284183
2.0,847,400.978451
0.0,519,401.402804
0.0,520,401.819304
11.0,1099,402.72406
10.0,1440,403.949597
0.0,532,404.376424
7.0,995,405.211181
7.0,1790,406.739621
14.0,1690,408.132368
0.0,532,408.552968
2.0,916,409.307575
7.0,1019,410.135243
1.0,655,410.652443
2.0,748,411.249899
12.0,1299,412.327824
0.0,539,412.748125
0.0,540,413.16747
2.0,757,413.791131
1.0,643,414.31104
0.0,536,414.732278
2.0,894,415.489216
3.0,885,416.217998
1.0,719,416.800733
0.0,534,417.217668
1.0,635,417.73361
2.0,751,418.362319
2.0,908,419.103944
4.0,1114,420.008269
0.0,535,420.430734
1.0,708,421.014593
0.0,514,421.4337
1.0,619,421.930578
2.0,820,422.613904
4.0,1079,423.495229
4.0,1110,424.396624
5.0,1272,425.475882
7.0,1015,426.305683
5.0,1286,427.361672
2.0,816,428.023645
2.0,740,428.623058
8.0,1139,429.55678
8.0,1135,430.482768
1.0,636,430.991814
0.0,536,431.411267
4.0,997,432.220654
11.0,1099,433.110253
2.0,766,433.723562
0.0,530,434.132625
1.0,627,434.641696
4.0,1094,435.557903
0.0,540,435.96982
7.0,1007,436.788439
0.0,538,437.191305
4.0,1098,438.091933
8.0,1146,439.029205
1.0,627,439.530026
2.0,751,440.134119
11.0,1103,441.031104
3.0,963,441.807855
12.0,1227,442.806504
9.0,1628,444.174892
0.0,526,444.595413
1.0,630,445.099242
5.0,1108,446.029349
2.0,827,446.697353
3.0,851,447.38187
4.0,1106,448.282637
6.0,1343,449.397496
3.0,855,450.093798
8.0,1207,451.086856
1.0,615,451.573266
2.0,732,452.162042
11.0,1095,453.047625
3.0,914,453.802764
1.0,644,454.303569
5.0,1230,455.322127
2.0,828,456.010536
4.0,1089,456.905515
7.0,1015,457.720912
0.0,522,458.12166
3.0,886,458.824846
6.0,1299,459.898746
4.0,978,460.686643
19.0,1262,461.71398
3.0,875,462.425299
4.0,1090,463.323537
5.0,1183,464.351871
5.0,1194,465.37106
2.0,735,465.989547
3.0,1027,466.810783
2.0,836,467.4809
1.0,716,468.061459
4.0,1226,469.067029
3.0,940,469.830135
4.0,1083,470.718566
5.0,1210,471.705088
9.0,1417,472.872476
4.0,1087,473.776402
2.0,732,474.383595
3.0,932,475.162346
4.0,1126,476.104349
7.0,1007,476.932324
5.0,1108,477.842798
6.0,1412,478.998151
5.0,1202,479.991933
11.0,1095,480.881476
1.0,633,481.376563
0.0,519,481.790858
11.0,1087,482.678437
1.0,626,483.185153
4.0,1155,484.12604
0.0,538,484.54717
7.0,1011,485.411951
2.0,824,486.087795
0.0,499,486.481676
2.0,823,487.146281
4.0,983,487.952476
3.0,872,488.657472
8.0,1619,490.014642
11.0,1091,490.911806
6.0,1307,492.006058
3.0,1016,492.850214
5.0,1246,493.855993
8.0,1111,494.789769
1.0,640,495.312807
7.0,1595,496.711039
9.0,1323,497.812166
6.0,1323,498.912227
0.0,531,499.33155
1.0,655,499.851265
4.0,977,500.642302
3.0,879,501.36015
3.0,876,502.062811
4.0,1077,502.939114
0.0,518,503.358828
4.0,973,504.160145
5.0,1168,505.132577
7.0,997,505.983571
6.0,1434,507.192917
7.0,990,507.981816
7.0,1577,509.284657
3.0,863,509.982301
4.0,1120,510.909361
0.0,530,511.323367
12.0,1307,512.3886
11.0,1561,513.688807
11.0,1091,514.582438
6.0,1284,515.670528
6.0,1303,516.756135
4.0,984,517.574266
3.0,938,518.349504
1.0,626,518.862944
11.0,1087,519.762507
3.0,872,520.485851
3.0,955,521.289907
1.0,734,521.889542
2.0,810,522.562035
9.0,1331,523.647381
7.0,1474,524.885412
4.0,1091,525.817778
7.0,1561,527.097483
10.0,1426,528.310663
7.0,1561,529.614403
4.0,1104,530.567637
3.0,1014,531.405857
7.0,1021,532.232589
4.0,1102,533.133319
5.0,1102,534.031152
11.0,1091,534.948338
4.0,1086,535.914899
14.0,1930,537.525341
7.0,1460,538.743622
4.0,1083,539.623265
5.0,1267,540.67723
0.0,516,541.091885
7.0,1490,542.337492
3.0,863,543.049593
7.0,990,543.862488
1.0,633,544.367636
3.0,895,545.105455
12.0,1292,546.226223
0.0,526,546.643355
0.0,538,547.057117
0.0,542,547.47945
9.0,1319,548.583289
4.0,986,549.382981
19.0,1762,550.86458
2.0,887,551.603819
2.0,835,552.287839
3.0,864,552.995864
4.0,1086,553.900674
1.0,648,554.410819
6.0,1374,555.643236
11.0,1103,556.553828
12.0,1235,557.571244
5.0,1251,558.600538
3.0,935,559.350015
5.0,1190,560.333301
5.0,1235,561.363198
2.0,752,561.965214
7.0,1643,563.338139
6.0,1484,564.609741
5.0,1183,565.611219
8.0,1566,566.90454
4.0,1130,567.8263
5.0,1196,568.81665
8.0,1135,569.723421
6.0,1394,570.878257
1.0,607,571.364818
3.0,946,572.127223
6.0,1309,573.208245
13.0,1888,574.78213
5.0,1207,575.82519
7.0,1468,577.049336
5.0,1098,577.946498
7.0,1003,578.772476
5.0,1094,579.677978
2.0,819,580.331548
5.0,1189,581.328146
1.0,627,581.836918
7.0,1678,583.232581
6.0,1290,584.291116
1.0,614,584.800079
12.0,1243,585.869153
3.0,1012,586.724144
8.0,1119,587.646617
6.0,1112,588.558647
11.0,1095,589.45787
8.0,1135,590.382576
4.0,996,591.201864
5.0,1486,592.435071
3.0,1004,593.266896
3.0,879,593.994543
4.0,1144,594.929657
3.0,932,595.74004
4.0,1094,596.659007
5.0,1408,597.8393
3.0,1031,598.675228
3.0,867,599.371216
11.0,1087,600.270086
4.0,1061,601.162999
2.0,739,601.770559
2.0,756,602.3865
3.0,946,603.172575
4.0,983,603.982264
6.0,1540,605.269209
5.0,1304,606.367654
6.0,1374,607.526018
7.0,1007,608.369607
2.0,738,608.97078
3.0,860,609.661609
4.0,1079,610.544399
1.0,637,611.05574
7.0,1386,612.209244
6.0,1338,613.322264
12.0,1302,614.385164
5.0,1132,615.319133
7.0,1670,616.760698
12.0,1295,617.828046
7.0,1414,618.99531
3.0,886,619.703289
1.0,651,620.21964
2.0,919,620.963211
10.0,1855,622.495692
6.0,1400,623.676903
11.0,1087,624.594861
13.0,1413,625.797814
7.0,1580,627.13292
3.0,891,627.854186
5.0,1410,629.037449
6.0,1594,630.368567
1.0,636,630.880009
3.0,880,631.598107
4.0,1322,632.683483
3.0,868,633.399782
4.0,1210,634.407997
5.0,1284,635.496296
7.0,1453,636.694379
6.0,1369,637.835213
8.0,1115,638.771366
7.0,1525,640.03629
5.0,1209,641.021247
7.0,1594,642.328233
4.0,1154,643.258053
11.0,1099,644.15026
7.0,1560,645.464918
3.0,865,646.164433
9.0,1396,647.317983
35.0,1689,648.713271
8.0,1578,650.019643
9.0,1984,651.655608
5.0,1242,652.668233
17.0,1422,653.82241
21.0,2048,655.577234
12.0,1290,656.6577
3.0,1022,657.495381
10.0,1453,658.717762
12.0,1151,659.683217
8.0,1778,661.15919
6.0,1408,662.327618
4.0,1221,663.326463
8.0,1784,664.806742
11.0,1099,665.73828
5.0,1125,666.672346
7.0,1491,667.92071
3.0,936,668.683598
3.0,955,669.461848
7.0,1352,670.578415
8.0,1130,671.496176
8.0,1139,672.420509
11.0,1095,673.321869
7.0,1614,674.670328
7.0,1698,676.126675
6.0,1310,677.211767
1.0,615,677.716154
3.0,847,678.419662
7.0,1600,679.780338
4.0,966,680.580085
8.0,1643,681.933531
3.0,863,682.650124
4.0,984,683.464331
2.0,767,684.081907
12.0,1290,685.174837
11.0,1111,686.114008
15.0,2011,687.78068
4.0,1134,688.724429
