#{"t_start": 1774085152.8918316, "env_id": "ALE/SpaceInvaders-v5"}
r,l,t
220.0,744,1.000964
65.0,528,1.704797
65.0,423,2.276608
75.0,540,2.996594
65.0,373,3.535999
180.0,515,4.232077
35.0,281,4.599663
45.0,268,4.933862
135.0,575,5.70194
170.0,680,6.617179
30.0,262,6.964388
110.0,497,7.62639
20.0,374,8.144367
140.0,481,8.797723
45.0,433,9.37179
100.0,510,10.053877
115.0,508,10.746382
160.0,735,11.756674
335.0,1039,13.163293
50.0,280,13.564596
20.0,436,14.179889
170.0,708,15.174268
230.0,935,16.479209
90.0,520,17.209028
75.0,467,17.886051
340.0,634,18.753583
295.0,914,20.031174
105.0,407,20.605854
255.0,841,21.798022
120.0,499,22.515463
315.0,786,23.643599
25.0,381,24.188174
110.0,622,25.096976
150.0,681,26.061586
100.0,484,26.747777
55.0,329,27.217179
90.0,593,28.050369
265.0,720,29.042484
100.0,479,29.702569
145.0,526,30.432006
35.0,402,31.016694
60.0,422,31.600861
165.0,489,32.287804
25.0,402,32.847517
155.0,607,33.725623
90.0,493,34.402213
55.0,402,34.984097
90.0,600,35.851594
135.0,478,36.546106
25.0,329,37.020391
95.0,520,37.7693
95.0,513,38.49404
120.0,398,39.058966
225.0,739,40.120122
340.0,608,40.973884
20.0,254,41.330225
45.0,378,41.872148
200.0,741,42.947103
45.0,285,43.351474
140.0,493,44.052189
80.0,362,44.584282
130.0,505,45.312829
125.0,497,45.998488
220.0,707,47.037014
120.0,430,47.68458
60.0,433,48.312667
65.0,350,48.831587
60.0,396,49.386631
95.0,518,50.142625
20.0,372,50.682566
35.0,263,51.043281
80.0,485,51.734242
160.0,591,52.608879
180.0,691,53.67713
45.0,269,54.044735
185.0,778,55.191066
5.0,288,55.605735
40.0,355,56.128143
220.0,822,57.363859
55.0,281,57.781609
30.0,491,58.534021
150.0,871,59.846557
135.0,484,60.547711
125.0,624,61.510611
145.0,720,62.61607
210.0,776,63.820771
180.0,534,64.600417
165.0,557,65.426054
50.0,249,65.811588
135.0,525,66.62535
630.0,1026,68.196381
70.0,466,68.902946
150.0,584,69.803039
365.0,847,71.081499
235.0,675,72.100456
30.0,298,72.548058
285.0,671,73.571405
70.0,510,74.335092
125.0,478,75.047787
55.0,295,75.471886
295.0,702,76.524786
155.0,458,77.194011
65.0,490,77.931622
245.0,651,78.91
50.0,315,79.374134
110.0,622,80.309582
110.0,364,80.85231
195.0,698,81.918936
225.0,684,82.955198
155.0,676,84.020063
180.0,537,84.840364
295.0,474,85.534291
240.0,551,86.336327
155.0,473,87.060393
15.0,470,87.777185
120.0,554,88.633527
35.0,285,89.036394
290.0,691,90.09555
130.0,573,90.990637
120.0,337,91.493803
80.0,525,92.277005
170.0,491,93.016507
65.0,288,93.472509
145.0,393,94.072478
130.0,474,94.814867
215.0,486,95.569711
120.0,493,96.326018
370.0,553,97.168973
150.0,662,98.186821
60.0,391,98.794793
125.0,571,99.669674
15.0,254,100.050246
220.0,499,100.814173
45.0,401,101.409209
35.0,347,101.945815
270.0,602,102.869626
185.0,548,103.747176
210.0,668,104.803685
95.0,501,105.614056
135.0,438,106.28488
50.0,364,106.850275
5.0,380,107.42156
220.0,494,108.177031
145.0,436,108.873538
35.0,315,109.349959
180.0,733,110.522075
85.0,375,111.10878
420.0,752,112.313809
50.0,360,112.876429
80.0,340,113.397893
35.0,289,113.852524
215.0,834,115.134082
110.0,301,115.583357
265.0,581,116.489482
35.0,375,117.063191
40.0,315,117.533818
50.0,314,118.027064
30.0,253,118.388484
75.0,278,118.821383
50.0,373,119.385925
140.0,425,120.047179
180.0,516,120.834188
235.0,639,121.869838
690.0,1045,123.533625
310.0,702,124.67362
200.0,682,125.824464
105.0,510,126.643945
225.0,853,128.003565
45.0,352,128.543419
135.0,505,129.330578
40.0,315,129.807533
80.0,376,130.373903
105.0,362,130.916201
185.0,496,131.684623
95.0,369,132.256007
170.0,472,133.015854
185.0,491,133.842136
390.0,664,134.92652
195.0,527,135.817083
145.0,712,136.96794
335.0,698,138.058022
120.0,342,138.586974
170.0,566,139.464505
120.0,476,140.192467
225.0,731,141.328755
90.0,493,142.095435
45.0,299,142.527534
365.0,1099,144.296063
745.0,1330,146.343579
285.0,567,147.223986
120.0,517,148.059153
100.0,360,148.620324
35.0,394,149.233317
55.0,267,149.650104
570.0,1025,151.221817
150.0,695,152.308716
415.0,599,153.235963
165.0,496,154.002491
70.0,449,154.69923
360.0,777,155.930651
255.0,788,157.199183
140.0,495,157.995036
275.0,596,158.920733
215.0,573,159.808093
140.0,466,160.525209
75.0,482,161.291854
110.0,375,161.863855
230.0,727,163.055499
195.0,461,163.799503
160.0,512,164.63905
240.0,685,165.722449
300.0,856,167.093653
140.0,486,167.871197
330.0,856,169.254307
540.0,1054,170.931436
330.0,736,172.12611
475.0,838,173.51911
355.0,638,174.579006
475.0,1252,176.576539
255.0,501,177.367285
215.0,527,178.182602
290.0,714,179.30055
295.0,991,180.863273
165.0,543,181.712474
135.0,392,182.32992
210.0,498,183.134884
160.0,461,183.942282
265.0,672,185.054995
145.0,463,185.806579
160.0,336,186.377185
125.0,477,187.147143
125.0,359,187.733235
130.0,462,188.492342
145.0,493,189.272592
150.0,528,190.079006
160.0,715,191.23351
130.0,460,191.945497
170.0,499,192.726372
210.0,469,193.504678
50.0,477,194.274451
495.0,738,195.465379
290.0,642,196.513767
380.0,760,197.731008
85.0,369,198.344155
555.0,990,199.977606
190.0,605,201.167746
245.0,777,202.439045
80.0,437,203.16118
220.0,537,204.105185
85.0,308,204.584661
115.0,538,205.473143
240.0,595,206.430159
200.0,518,207.28067
230.0,590,208.237605
170.0,507,209.027285
260.0,437,209.724444
90.0,680,210.812887
215.0,546,211.662225
295.0,851,213.029737
415.0,713,214.21793
285.0,639,215.281142
375.0,847,216.660749
435.0,650,217.748124
255.0,614,218.751015
325.0,1245,220.787134
65.0,296,221.242307
235.0,684,222.361406
50.0,425,223.031929
365.0,690,224.175307
75.0,471,224.927619
210.0,618,225.898723
100.0,390,226.516443
110.0,358,227.100819
140.0,466,227.854091
240.0,575,228.795933
210.0,570,229.692552
275.0,667,230.77995
235.0,465,231.522643
115.0,473,232.2736
150.0,448,232.978525
95.0,410,233.6467
80.0,270,234.036682
300.0,633,235.037027
55.0,265,235.438233
585.0,1076,237.11076
180.0,476,237.846454
235.0,479,238.594889
380.0,920,240.027769
200.0,484,240.761208
85.0,376,241.354817
205.0,507,242.154772
275.0,902,243.654482
115.0,360,244.253922
155.0,406,244.893945
135.0,348,245.434772
205.0,489,246.202153
120.0,271,246.637686
225.0,569,247.545305
225.0,372,248.146516
500.0,1105,249.918166
410.0,638,250.926584
215.0,489,251.706522
45.0,426,252.383764
375.0,728,253.604904
140.0,490,254.402439
75.0,444,255.130008
245.0,614,256.11345
260.0,595,257.052124
535.0,775,258.293125
245.0,544,259.172407
170.0,494,259.973633
55.0,285,260.405617
190.0,456,261.143051
140.0,411,261.824068
260.0,434,262.522684
90.0,297,262.999565
20.0,241,263.371577
515.0,879,264.785086
310.0,833,266.147946
265.0,592,267.09372
90.0,369,267.672941
160.0,389,268.289
665.0,836,269.678426
85.0,388,270.296084
30.0,359,270.887063
230.0,922,272.413724
270.0,625,273.419379
425.0,909,274.9126
130.0,345,275.461783
195.0,576,276.379305
225.0,522,277.208786
190.0,812,278.54907
245.0,558,279.445789
300.0,625,280.47998
135.0,379,281.087659
195.0,518,281.953786
435.0,673,283.03774
335.0,631,284.093172
285.0,585,285.031586
265.0,644,286.081115
185.0,515,286.952232
100.0,377,287.572562
335.0,787,288.829778
115.0,454,289.568154
40.0,392,290.205633
230.0,418,290.895984
285.0,661,291.970629
95.0,386,292.586601
235.0,542,293.490476
275.0,681,294.566868
135.0,349,295.097374
40.0,281,295.516703
470.0,802,296.755512
170.0,523,297.585704
315.0,688,298.645241
195.0,563,299.543103
180.0,480,300.295591
210.0,462,301.03299
400.0,715,302.17487
90.0,371,302.76544
185.0,684,303.892705
175.0,392,304.519769
290.0,745,305.696805
240.0,502,306.477384
115.0,398,307.096088
335.0,672,308.173702
375.0,841,309.494937
220.0,501,310.280753
135.0,401,310.919074
200.0,651,311.935079
125.0,476,312.704125
345.0,761,313.94628
150.0,330,314.463945
455.0,737,315.67069
130.0,389,316.28665
270.0,718,317.434142
320.0,711,318.566347
240.0,691,319.688278
270.0,691,320.775625
185.0,458,321.470171
100.0,429,322.127077
75.0,464,322.854079
100.0,335,323.372671
400.0,617,324.345541
605.0,724,325.492073
95.0,363,326.076006
75.0,399,326.732924
175.0,434,327.432574
195.0,524,328.282316
540.0,780,329.515379
290.0,799,330.767033
225.0,550,331.622055
260.0,653,332.638523
180.0,504,333.428272
280.0,495,334.222821
280.0,749,335.393013
85.0,257,335.772385
105.0,330,336.28334
55.0,290,336.69986
455.0,685,337.773525
225.0,673,338.875305
305.0,561,339.761433
110.0,459,340.494987
220.0,530,341.316474
230.0,663,342.368205
220.0,537,343.205351
505.0,716,344.330268
80.0,291,344.76013
545.0,698,345.86349
200.0,467,346.611762
200.0,528,347.465125
80.0,307,347.940277
230.0,702,349.052902
465.0,503,349.859277
215.0,557,350.751995
385.0,859,352.117301
320.0,694,353.233475
435.0,822,354.581322
240.0,509,355.381422
325.0,829,356.707776
345.0,648,357.725147
200.0,576,358.650622
160.0,389,359.243128
140.0,442,359.948549
265.0,541,360.818885
340.0,681,361.950833
580.0,778,363.177068
395.0,632,364.184557
290.0,711,365.289251
430.0,785,366.542858
90.0,357,367.101377
220.0,540,367.942025
270.0,615,368.948504
340.0,686,370.04812
215.0,680,371.121845
635.0,1121,372.866578
225.0,523,373.721639
325.0,624,374.71611
95.0,435,375.389681
290.0,696,376.499041
430.0,734,377.663848
275.0,639,378.720609
235.0,407,379.345326
215.0,538,380.194562
260.0,595,381.134624
300.0,637,382.136645
440.0,651,383.170328
290.0,553,384.079651
265.0,706,385.176178
200.0,365,385.76756
225.0,684,386.880393
180.0,491,387.679131
185.0,513,388.494961
455.0,701,389.583117
665.0,1109,391.288344
255.0,419,391.9371
440.0,921,393.376424
60.0,308,393.85264
140.0,490,394.587955
115.0,377,395.163051
245.0,519,395.973125
95.0,267,396.377764
230.0,547,397.217484
260.0,648,398.232324
245.0,757,399.377821
185.0,494,400.133477
180.0,570,401.023076
200.0,492,401.763445
95.0,356,402.307391
90.0,307,402.769048
185.0,342,403.298768
185.0,608,404.27428
300.0,635,405.27362
250.0,649,406.301934
205.0,433,406.984195
320.0,765,408.207898
250.0,629,409.255999
360.0,775,410.477649
95.0,459,411.216352
310.0,715,412.326382
335.0,583,413.25407
325.0,674,414.311021
265.0,886,415.683331
270.0,663,416.724643
110.0,324,417.213814
115.0,279,417.616636
485.0,630,418.579184
260.0,654,419.595825
165.0,574,420.501298
495.0,600,421.442169
295.0,634,422.465587
300.0,453,423.19387
190.0,535,424.10694
140.0,483,424.879686
135.0,455,425.604114
245.0,573,426.52521
455.0,622,427.546311
235.0,514,428.380454
175.0,482,429.178725
215.0,443,429.864194
160.0,428,430.515183
490.0,811,431.756908
295.0,667,432.79603
400.0,884,434.218581
350.0,732,435.377346
275.0,554,436.256297
275.0,648,437.296833
110.0,379,437.893957
245.0,833,439.222189
280.0,656,440.284856
190.0,511,441.091607
445.0,786,442.330571
160.0,475,443.089425
215.0,706,444.220607
195.0,473,444.955516
250.0,501,445.750957
330.0,550,446.602927
185.0,520,447.4155
525.0,729,448.545604
350.0,712,449.639583
215.0,561,450.500172
270.0,682,451.572004
445.0,571,452.476826
60.0,281,452.894473
270.0,503,453.722926
175.0,345,454.238716
415.0,552,455.078841
260.0,602,456.018748
375.0,576,456.897133
300.0,471,457.613251
210.0,506,458.379239
105.0,394,458.979586
280.0,677,460.017155
175.0,379,460.603666
155.0,503,461.367617
130.0,352,461.919137
240.0,658,462.925998
185.0,702,464.067896
190.0,665,465.098388
295.0,626,466.071008
250.0,611,467.055384
205.0,568,467.966799
190.0,580,468.872427
185.0,636,469.86892
350.0,728,470.964688
230.0,468,471.695853
165.0,480,472.439777
340.0,644,473.478422
210.0,377,474.056318
165.0,404,474.670791
95.0,306,475.141721
180.0,502,475.919725
720.0,913,477.313792
390.0,668,478.347281
255.0,656,479.405979
325.0,572,480.308925
165.0,498,481.083835
200.0,503,481.895278
275.0,478,482.65597
545.0,1018,484.247864
210.0,494,485.03295
305.0,645,486.069417
475.0,995,487.633584
265.0,593,488.571768
130.0,473,489.321962
480.0,1033,490.901276
120.0,474,491.626748
370.0,664,492.67589
235.0,490,493.446031
165.0,336,493.991097
375.0,656,495.035181
345.0,673,496.101451
345.0,774,497.30911
190.0,631,498.323874
315.0,708,499.460339
605.0,1020,501.03688
185.0,634,502.024601
440.0,855,503.317924
345.0,664,504.373879
350.0,711,505.459182
435.0,717,506.557894
515.0,627,507.533668
150.0,437,508.21834
150.0,416,508.8691
70.0,320,509.356667
260.0,513,510.167393
310.0,706,511.268408
300.0,668,512.31937
195.0,498,513.1041
175.0,382,513.678025
230.0,430,514.325181
80.0,272,514.739396
285.0,611,515.696776
210.0,413,516.349588
190.0,415,516.989459
325.0,755,518.158058
275.0,600,519.121094
165.0,477,519.86321
180.0,472,520.620682
305.0,592,521.543526
205.0,546,522.408459
190.0,621,523.374232
315.0,621,524.368506
425.0,973,525.87151
110.0,279,526.29904
285.0,537,527.133029
305.0,712,528.23139
225.0,562,529.121085
155.0,532,529.926195
405.0,683,530.980655
50.0,281,531.388244
70.0,290,531.803094
160.0,492,532.564861
215.0,504,533.351183
110.0,395,533.97709
185.0,523,534.776501
260.0,706,535.867847
320.0,539,536.735049
385.0,595,537.656686
295.0,608,538.614247
150.0,534,539.486012
245.0,665,540.537439
440.0,712,541.664362
210.0,602,542.623283
290.0,655,543.693364
180.0,433,544.362312
330.0,630,545.330235
270.0,654,546.36795
320.0,593,547.285367
130.0,364,547.857438
500.0,670,548.890485
245.0,545,549.774512
185.0,421,550.434357
305.0,650,551.401429
120.0,372,551.968174
380.0,648,552.944273
170.0,408,553.595917
355.0,653,554.606879
585.0,667,555.669101
120.0,325,556.167793
555.0,769,557.382056
195.0,386,557.973799
175.0,390,558.580767
210.0,503,559.378244
160.0,508,560.198201
560.0,706,561.277855
205.0,492,562.026794
215.0,633,562.999839
135.0,450,563.718332
410.0,773,564.9121
185.0,485,565.652761
230.0,560,566.507787
160.0,412,567.157351
235.0,612,568.135707
225.0,633,569.12893
630.0,922,570.561299
95.0,397,571.148544
255.0,527,571.955402
225.0,486,572.697808
515.0,651,573.731528
120.0,385,574.303727
335.0,766,575.490105
210.0,523,576.325723
475.0,922,577.764677
275.0,682,578.830177
285.0,669,579.858884
270.0,598,580.79792
285.0,644,581.786036
260.0,625,582.752604
255.0,569,583.677263
210.0,378,584.261129
95.0,314,584.72386
145.0,432,585.403321
380.0,742,586.564453
145.0,297,587.022399
240.0,537,587.89865
230.0,591,588.829633
310.0,584,589.741497
470.0,895,591.144536
285.0,686,592.208918
175.0,397,592.84706
305.0,621,593.848048
305.0,509,594.626674
110.0,372,595.20617
560.0,716,596.290272
215.0,436,596.944018
420.0,761,598.109138
310.0,580,599.006114
435.0,656,600.003492
175.0,746,601.155122
395.0,916,602.573547
205.0,458,603.283377
205.0,416,603.93075
415.0,738,605.060933
200.0,510,605.839606
265.0,561,606.69844
195.0,559,607.585746
210.0,445,608.285161
275.0,517,609.114657
250.0,521,609.941776
320.0,572,610.866246
205.0,381,611.465018
140.0,367,612.014802
250.0,608,612.951932
405.0,760,614.173267
365.0,768,615.400717
355.0,579,616.304307
245.0,637,617.304596
80.0,319,617.786856
380.0,782,619.023519
390.0,665,620.054965
145.0,515,620.839476
245.0,594,621.763114
245.0,548,622.612045
160.0,447,623.328463
305.0,582,624.243429
440.0,840,625.530978
250.0,517,626.314702
90.0,330,626.824579
280.0,487,627.564985
255.0,719,628.679141
400.0,694,629.741955
310.0,590,630.688437
265.0,581,631.597857
325.0,526,632.439128
580.0,831,633.714524
210.0,580,634.61445
410.0,820,635.853797
185.0,507,636.633523
345.0,662,637.671982
215.0,416,638.335509
235.0,552,639.195647
330.0,706,640.280477
215.0,456,640.987242
510.0,1051,642.581306
350.0,755,643.805692
295.0,565,644.68062
415.0,430,645.34832
355.0,674,646.374315
570.0,1037,647.976886
255.0,484,648.728759
365.0,806,649.963774
195.0,369,650.531392
445.0,611,651.512362
200.0,428,652.15637
540.0,1001,653.74731
410.0,683,654.797081
175.0,355,655.333966
180.0,428,655.98865
310.0,751,657.187797
585.0,645,658.170472
210.0,542,659.001022
325.0,907,660.419257
540.0,722,661.533628
325.0,545,662.386123
95.0,325,662.884145
480.0,752,664.066777
90.0,347,664.597236
585.0,735,665.729034
190.0,486,666.479352
535.0,666,667.495378
480.0,633,668.520853
315.0,510,669.296026
445.0,630,670.294057
405.0,699,671.391038
220.0,551,672.259702
370.0,512,673.048326
215.0,556,673.944207
165.0,468,674.652709
315.0,689,675.713112
140.0,340,676.259551
420.0,695,677.333809
230.0,533,678.194876
305.0,692,678.958693
