#{"t_start": 1773921017.6348279, "env_id": "BreakoutNoFrameskip-v4"}
r,l,t
0.0,535,0.366497
0.0,506,0.531913
3.0,1076,0.885539
1.0,649,1.099386
0.0,525,1.274913
1.0,644,1.487573
2.0,808,1.762952
1.0,704,1.9894
4.0,1155,2.367324
1.0,628,2.58616
3.0,1106,2.977139
3.0,1098,3.35113
2.0,816,3.631787
0.0,517,3.812455
1.0,635,4.025904
1.0,636,4.236442
1.0,721,4.470737
0.0,509,4.643168
0.0,524,4.8139
2.0,822,5.086289
0.0,519,5.261766
0.0,521,5.437207
0.0,529,5.612638
1.0,618,5.816646
2.0,825,6.090478
0.0,522,6.268956
1.0,692,6.497477
3.0,1001,6.829849
3.0,1090,7.183762
4.0,1049,7.530586
3.0,1089,7.882809
3.0,942,8.190916
3.0,1100,8.546143
0.0,519,8.720492
1.0,645,8.926317
1.0,713,9.176243
2.0,778,9.439696
2.0,833,9.716885
2.0,896,10.008054
4.0,1140,10.383244
1.0,638,10.595248
0.0,520,10.767247
0.0,533,10.938199
2.0,885,11.227015
4.0,1194,11.626209
1.0,700,11.866456
2.0,919,12.164672
0.0,524,12.337378
2.0,898,12.644454
2.0,890,12.957908
0.0,523,13.127515
0.0,535,13.300312
1.0,708,13.537374
0.0,501,13.70472
0.0,501,13.870392
4.0,1305,14.294569
0.0,541,14.473851
3.0,1020,14.813394
1.0,622,15.291294
2.0,823,15.943534
1.0,627,16.437728
0.0,514,16.851748
0.0,514,17.247934
0.0,540,17.66513
0.0,510,18.052739
3.0,1016,18.863477
0.0,537,19.274169
4.0,1095,20.158156
0.0,493,20.547066
1.0,707,21.100306
0.0,540,21.515777
4.0,1051,22.368783
0.0,527,22.818555
0.0,503,23.219864
0.0,533,23.645393
0.0,519,24.049788
0.0,516,24.468419
0.0,514,24.883819
0.0,543,25.306912
3.0,960,26.07831
0.0,523,26.490246
2.0,816,27.151442
0.0,523,27.553836
0.0,541,27.971184
2.0,902,28.706656
0.0,509,29.108946
2.0,817,29.765038
1.0,702,30.328049
1.0,719,30.914387
0.0,532,31.34661
3.0,1014,32.182695
1.0,633,32.693108
1.0,649,33.223047
2.0,800,33.876807
0.0,528,34.30141
0.0,500,34.700587
0.0,518,35.097398
0.0,532,35.523587
1.0,651,36.026343
0.0,540,36.447792
1.0,704,37.009155
4.0,1137,37.918438
1.0,629,38.417679
2.0,790,39.078093
2.0,801,39.753771
0.0,511,40.152479
1.0,691,40.709301
1.0,676,41.254704
0.0,520,41.66883
0.0,499,42.06427
0.0,519,42.475828
0.0,522,42.900401
1.0,718,43.469796
1.0,722,44.029337
2.0,798,44.686322
1.0,696,45.240413
4.0,1212,46.240257
0.0,531,46.666996
1.0,714,47.230452
1.0,644,47.747368
2.0,842,48.426003
2.0,812,49.07187
0.0,543,49.482592
0.0,510,49.886123
1.0,652,50.399878
1.0,710,50.957781
0.0,536,51.383824
0.0,514,51.772475
1.0,712,52.338375
2.0,815,53.00989
0.0,529,53.418369
6.0,1600,54.7488
1.0,705,55.31252
8.0,1522,56.577439
9.0,1628,57.924343
0.0,511,58.329248
1.0,641,58.834265
0.0,511,59.239042
3.0,1020,60.088523
1.0,647,60.598509
0.0,524,61.010101
0.0,515,61.428594
3.0,873,62.137124
3.0,1020,63.008431
5.0,1307,64.089309
0.0,533,64.51106
1.0,700,65.084066
3.0,1022,65.923681
5.0,1331,67.046968
0.0,539,67.468781
0.0,520,67.889025
7.0,1694,69.294819
4.0,1140,70.227485
1.0,651,70.728788
0.0,513,71.130937
0.0,540,71.543815
0.0,507,71.956839
0.0,528,72.359926
0.0,531,72.795457
2.0,842,73.457553
0.0,527,73.879879
0.0,508,74.281947
0.0,525,74.675273
0.0,516,75.089306
0.0,517,75.488841
5.0,1402,76.64407
9.0,1624,77.98339
0.0,494,78.379725
3.0,1001,79.188772
0.0,504,79.576019
0.0,531,79.994519
0.0,527,80.405157
1.0,632,80.907188
0.0,538,81.323312
0.0,542,81.755328
0.0,508,82.161832
0.0,519,82.558692
0.0,538,82.997006
0.0,524,83.405831
0.0,536,83.816575
2.0,757,84.418038
0.0,539,84.832793
1.0,708,85.403474
4.0,984,86.223851
9.0,1628,87.569118
3.0,1013,88.382587
0.0,523,88.777942
0.0,532,89.187022
1.0,643,89.682836
0.0,491,90.068521
0.0,519,90.474329
3.0,912,91.240584
0.0,528,91.651174
2.0,798,92.300992
9.0,1640,93.684989
0.0,532,94.096211
2.0,784,94.708122
1.0,628,95.203904
1.0,688,95.756468
0.0,541,96.172723
4.0,1212,97.174398
11.0,1107,98.083946
6.0,1450,99.254166
0.0,534,99.667858
1.0,622,100.159322
2.0,825,100.809098
0.0,519,101.227237
1.0,704,101.783322
1.0,727,102.363156
2.0,761,102.98434
3.0,887,103.691312
4.0,1135,104.608703
1.0,701,105.15312
0.0,527,105.556994
2.0,802,106.208829
1.0,696,106.748271
0.0,504,107.148063
4.0,1206,108.147902
0.0,534,108.555421
0.0,494,108.936124
3.0,860,109.614847
1.0,659,110.119886
4.0,990,110.918009
1.0,713,111.482667
2.0,823,112.142958
2.0,758,112.771715
0.0,527,113.177764
0.0,541,113.583203
2.0,837,114.260938
2.0,767,114.867174
2.0,826,115.518726
0.0,535,115.939171
1.0,710,116.50757
2.0,842,117.170778
0.0,532,117.583193
2.0,870,118.277476
2.0,819,118.9277
0.0,522,119.338785
0.0,531,119.749878
0.0,542,120.166286
1.0,626,120.651503
3.0,893,121.354878
2.0,839,122.015462
2.0,814,122.688893
0.0,517,123.112664
0.0,508,123.529884
1.0,707,124.107375
1.0,634,124.604918
1.0,642,125.111856
2.0,826,125.774095
7.0,1671,127.15365
0.0,539,127.56797
0.0,524,127.987545
1.0,634,128.488966
2.0,813,129.126178
3.0,1008,129.954391
1.0,633,130.475016
0.0,527,130.885796
1.0,637,131.401066
1.0,632,131.902118
3.0,904,132.626025
1.0,627,133.156679
1.0,606,133.654076
0.0,527,134.06993
2.0,927,134.811198
0.0,516,135.219898
0.0,515,135.631294
0.0,514,136.040555
0.0,542,136.463172
0.0,523,136.872851
0.0,531,137.284092
3.0,1061,138.133308
0.0,526,138.54607
2.0,831,139.202658
1.0,639,139.694129
0.0,527,140.106517
0.0,536,140.516655
7.0,1015,141.344688
0.0,527,141.75427
0.0,517,142.172152
0.0,526,142.579803
4.0,987,143.428365
0.0,522,143.837441
2.0,819,144.492127
2.0,743,145.086245
1.0,630,145.587102
0.0,530,145.999217
0.0,519,146.412947
1.0,647,146.922045
3.0,959,147.710003
2.0,759,148.31534
0.0,517,148.708089
3.0,935,149.459677
8.0,1211,150.477972
1.0,624,150.985121
7.0,1015,151.811359
3.0,891,152.533433
1.0,650,153.075185
3.0,1098,153.97692
7.0,996,154.786139
5.0,1426,155.938935
7.0,1007,156.757153
1.0,635,157.256737
7.0,1004,158.072915
11.0,1099,158.955788
0.0,538,159.373672
2.0,812,160.027843
2.0,756,160.643228
0.0,524,161.051356
5.0,1179,162.018656
0.0,515,162.435859
2.0,758,163.049751
5.0,1320,164.127087
1.0,639,164.628276
9.0,1616,165.966748
3.0,1005,166.790481
1.0,615,167.285236
1.0,645,167.784111
5.0,1190,168.750171
11.0,1103,169.643591
3.0,966,170.413715
7.0,1016,171.225368
1.0,718,171.783936
6.0,1314,172.914295
0.0,520,173.325861
8.0,1139,174.266045
6.0,1482,175.477101
5.0,1412,176.644806
9.0,1636,177.974668
12.0,1231,178.96706
7.0,1675,180.364304
6.0,1524,181.621439
6.0,1636,183.003787
5.0,1183,183.993346
9.0,1417,185.170882
0.0,527,185.589851
11.0,1111,186.5126
8.0,1143,187.441827
7.0,1682,188.834959
0.0,536,189.242235
11.0,1091,190.134341
1.0,655,190.64419
0.0,524,191.053733
3.0,931,191.815148
7.0,1000,192.654564
11.0,1087,193.588387
11.0,1103,194.502918
2.0,908,195.237721
5.0,1419,196.405241
0.0,515,196.818088
0.0,531,197.233887
6.0,1546,198.503796
0.0,528,198.913207
0.0,531,199.331311
0.0,543,199.745363
12.0,1778,201.225356
0.0,516,201.645225
0.0,524,202.058859
3.0,875,202.810185
1.0,636,203.317919
10.0,1465,204.571671
2.0,728,205.167064
7.0,1004,205.998359
8.0,1783,207.526668
0.0,531,207.953736
2.0,826,208.646523
17.0,2346,210.64405
11.0,1087,211.561815
11.0,1912,213.185556
11.0,1620,214.551908
6.0,1637,215.912843
1.0,631,216.425663
4.0,1136,217.373488
2.0,828,218.05621
11.0,1091,218.961277
1.0,632,219.476874
0.0,539,219.896458
7.0,1798,221.499327
12.0,2008,223.230527
0.0,543,223.655561
11.0,1095,224.576036
1.0,647,225.093341
8.0,1131,226.04746
13.0,2128,227.863678
1.0,647,228.37977
3.0,1112,229.291059
4.0,977,230.09767
6.0,1393,231.263027
9.0,1331,232.454832
5.0,1332,233.597889
11.0,1111,234.521472
2.0,755,235.155326
7.0,1500,236.424806
4.0,1139,237.381953
12.0,2092,239.177862
6.0,1486,240.465813
3.0,940,241.251449
2.0,835,241.970338
4.0,1067,242.880914
14.0,2179,244.730583
8.0,1707,246.149583
11.0,1107,247.059879
9.0,2010,248.733787
3.0,1031,249.566811
19.0,1262,250.595036
11.0,1099,251.506119
11.0,1099,252.429601
5.0,1300,253.523066
12.0,1893,255.112762
10.0,1527,256.394138
13.0,1871,257.941935
6.0,1443,259.158532
12.0,1914,260.776216
3.0,935,261.550376
10.0,1415,262.759081
7.0,1733,264.242887
3.0,950,265.027962
23.0,1834,266.560434
9.0,1314,267.666609
17.0,1940,269.3148
14.0,1403,270.470212
8.0,1813,271.999659
16.0,1329,273.150936
16.0,1313,274.260999
6.0,1386,275.440087
18.0,2538,277.568931
2.0,767,278.191115
10.0,1559,279.491704
13.0,1353,280.611574
5.0,1119,281.525907
9.0,1309,282.611943
7.0,1511,283.889406
14.0,1469,285.109043
9.0,1822,286.622325
5.0,1265,287.6506
7.0,1567,288.947682
10.0,2010,290.645779
17.0,1766,292.157368
6.0,1298,293.26096
9.0,1759,294.730986
2.0,839,295.405267
8.0,1692,296.806778
18.0,1517,298.057202
11.0,1099,298.954308
10.0,1970,300.576121
11.0,1612,301.890954
5.0,1259,302.951045
9.0,1886,304.574095
7.0,1582,305.909337
10.0,2032,307.617953
13.0,1970,309.266398
13.0,2142,311.050995
14.0,1482,312.366647
16.0,1309,313.480173
12.0,2104,315.19758
12.0,1988,316.829814
9.0,1785,318.309635
21.0,2903,320.722553
10.0,2115,322.472365
7.0,1470,323.70105
14.0,1400,324.853531
13.0,1356,325.978662
17.0,1970,327.605694
3.0,887,328.318214
3.0,893,329.037758
17.0,2710,331.327113
10.0,1973,333.047166
10.0,1526,334.321708
12.0,1313,335.390463
11.0,1099,336.276487
12.0,2333,338.207041
4.0,990,339.030257
10.0,2101,340.760505
8.0,1598,342.069812
12.0,1223,343.120773
8.0,1628,344.445427
6.0,1374,345.575781
15.0,1796,347.036292
8.0,1593,348.312609
12.0,2004,349.944186
8.0,1744,351.386297
7.0,1563,352.746436
19.0,1682,354.112844
9.0,1707,355.497632
13.0,2104,357.243683
10.0,1886,358.793701
22.0,2368,360.754994
19.0,2732,363.078172
8.0,1597,364.414114
9.0,1711,365.832108
13.0,1352,366.969417
16.0,2501,369.024006
10.0,2110,370.769986
10.0,1662,372.121233
10.0,1434,373.32445
13.0,1430,374.481329
16.0,1938,376.045894
20.0,2202,377.834568
17.0,2228,379.6268
15.0,1802,381.089457
16.0,2212,382.940757
15.0,2061,384.68187
13.0,2069,386.378564
16.0,2669,388.585682
10.0,1366,389.706769
12.0,2088,391.441884
9.0,1973,393.11334
16.0,1887,394.648959
12.0,2116,396.383138
10.0,1601,397.674395
20.0,2462,399.653595
12.0,2386,401.585392
14.0,2235,403.431221
17.0,2318,405.333279
8.0,1727,406.739809
16.0,2216,408.535005
13.0,2093,410.235133
13.0,2235,412.077218
9.0,1330,413.175563
29.0,3145,415.75435
19.0,2378,417.671055
13.0,1749,419.102793
13.0,1819,420.589852
9.0,1647,421.92135
15.0,2132,423.722755
15.0,2373,425.672921
17.0,2376,427.631938
9.0,1326,428.704792
14.0,2342,430.599545
6.0,1387,431.700945
13.0,1430,432.855838
9.0,1267,433.860586
33.0,1801,435.316136
16.0,1799,436.76773
11.0,1904,438.318181
10.0,2038,439.967132
16.0,2279,441.826338
5.0,1212,442.810687
15.0,2178,444.591785
15.0,2163,446.365018
7.0,1494,447.573499
13.0,1435,448.732837
10.0,1463,449.912166
18.0,2199,451.714379
16.0,1750,453.175062
7.0,1578,454.487106
22.0,3149,457.088877
14.0,2107,458.794162
13.0,2510,460.886305
13.0,2522,462.957685
15.0,1617,464.270655
20.0,2798,466.577026
12.0,2000,468.211729
8.0,1641,469.538396
27.0,3064,472.052966
13.0,1961,473.697518
11.0,2236,475.510816
15.0,2139,477.270142
16.0,2927,479.670082
9.0,1854,481.170707
21.0,1586,482.432239
26.0,2380,484.41428
15.0,2638,486.596979
24.0,2537,488.658319
12.0,1982,490.249721
12.0,2000,491.856093
8.0,1553,493.128687
9.0,1895,494.755388
10.0,1976,496.370011
10.0,1994,497.970901
6.0,1368,499.064222
21.0,1941,500.621793
16.0,2130,502.367157
8.0,1625,503.7766
9.0,1654,505.121769
6.0,1516,506.344378
18.0,2126,508.055244
11.0,2171,509.822436
15.0,2234,511.679404
20.0,2402,513.691608
11.0,1888,515.270503
22.0,1630,516.573112
11.0,2177,518.353262
12.0,2139,520.094189
16.0,2404,522.04493
22.0,3018,524.562249
14.0,2310,526.458935
17.0,2407,528.436792
11.0,2162,530.204805
33.0,2295,532.057113
21.0,2571,534.251245
24.0,2724,536.501705
24.0,2192,538.30503
23.0,2462,540.29604
12.0,2479,542.340851
33.0,3856,545.584414
10.0,2186,547.416968
18.0,1949,549.005738
10.0,1994,550.664543
12.0,1988,552.342193
17.0,1887,553.93299
14.0,1630,555.279496
8.0,1707,556.681544
19.0,2233,558.535011
14.0,2110,560.294534
23.0,2805,562.627138
17.0,2050,564.355536
23.0,1933,565.936686
16.0,1882,567.485998
29.0,2125,569.188711
28.0,1546,570.471438
34.0,2441,572.488275
26.0,2177,574.306054
20.0,2210,576.112643
21.0,2608,578.283923
11.0,1595,579.579973
18.0,1929,581.170408
16.0,2074,582.897074
9.0,1798,584.39964
18.0,2235,586.266194
26.0,3118,588.800968
17.0,2330,590.706268
31.0,2617,592.875736
17.0,2679,595.060877
26.0,2322,596.950272
10.0,1962,598.526292
10.0,2008,600.164189
19.0,2902,602.532363
16.0,2788,604.871872
13.0,2231,606.729676
17.0,2446,608.744796
16.0,2336,610.663477
17.0,2050,612.310297
23.0,2489,614.394948
22.0,2568,616.541871
36.0,2101,618.280521
8.0,1801,619.72409
32.0,2417,621.721842
158.0,2524,623.875397
18.0,2634,626.04805
17.0,3021,628.53913
17.0,1568,629.777009
14.0,2456,631.822489
21.0,2029,633.550217
22.0,2870,635.92111
13.0,2371,637.867012
17.0,2691,640.105519
22.0,2890,642.512093
27.0,2721,644.748024
19.0,1725,646.152021
20.0,2609,648.274209
9.0,1901,649.824809
13.0,2418,651.811865
23.0,2193,653.654711
29.0,3441,656.534874
12.0,2098,658.274645
21.0,2753,660.53801
18.0,2450,662.579207
22.0,3202,665.264635
25.0,2015,666.932819
56.0,3061,669.450939
23.0,2411,671.434216
