#{"t_start": 1774089024.4702332, "env_id": "ALE/SpaceInvaders-v5"}
r,l,t
220.0,744,1.31719
325.0,643,2.19341
80.0,304,2.586601
245.0,757,3.584455
110.0,490,4.23777
355.0,1168,5.754407
30.0,302,6.143404
490.0,1164,7.633453
75.0,397,8.155375
175.0,734,9.12516
280.0,958,10.394635
30.0,270,10.737177
230.0,685,11.683487
85.0,516,12.411834
115.0,565,13.166488
335.0,870,14.312096
95.0,533,15.035339
20.0,263,15.366552
175.0,675,16.265712
225.0,557,17.027774
50.0,287,17.399104
400.0,609,18.180665
65.0,332,18.610896
120.0,482,19.23532
130.0,561,19.977284
130.0,516,20.658914
75.0,294,21.046563
85.0,376,21.544881
10.0,433,22.160371
60.0,406,22.68768
15.0,257,23.028174
220.0,942,24.26117
50.0,312,24.683075
120.0,511,25.349259
85.0,397,25.868887
35.0,401,26.390737
130.0,701,27.340752
60.0,430,27.902968
30.0,280,28.255919
405.0,692,29.22088
365.0,912,30.468244
410.0,701,31.394255
105.0,433,32.025828
110.0,391,32.541366
125.0,682,33.463971
130.0,630,34.316429
125.0,682,35.265566
30.0,283,35.647161
30.0,286,36.042788
190.0,598,36.924579
95.0,412,37.494843
380.0,606,38.317208
80.0,419,38.894022
20.0,399,39.455761
15.0,266,39.833962
180.0,480,40.50821
180.0,534,41.258013
215.0,675,42.221471
65.0,376,42.751789
115.0,490,43.418166
35.0,272,43.791395
185.0,655,44.714617
95.0,512,45.432203
260.0,772,46.522366
235.0,584,47.356209
35.0,254,47.681933
75.0,347,48.165985
105.0,546,48.905932
55.0,390,49.452672
50.0,337,49.923158
250.0,889,51.133534
180.0,710,52.143946
45.0,467,52.783961
120.0,390,53.306668
250.0,609,54.166032
300.0,767,55.256349
130.0,540,56.041716
300.0,832,57.229263
285.0,757,58.300063
135.0,492,58.97974
135.0,633,59.876298
70.0,430,60.468303
55.0,383,60.983662
75.0,268,61.352967
225.0,566,62.198542
110.0,519,62.92193
445.0,1189,64.547278
275.0,724,65.539237
155.0,708,66.588696
135.0,479,67.295555
105.0,446,67.933786
380.0,908,69.319446
50.0,253,69.686485
135.0,571,70.504321
170.0,498,71.190553
55.0,444,71.803532
65.0,287,72.217525
220.0,856,73.466966
395.0,876,74.68952
85.0,410,75.253394
30.0,338,75.732594
35.0,429,76.330107
140.0,573,77.142991
165.0,809,78.320376
110.0,444,78.948545
110.0,655,79.901676
210.0,530,80.689854
215.0,725,81.761225
20.0,262,82.142087
190.0,725,83.223618
240.0,817,84.408471
85.0,796,85.575094
210.0,597,86.459238
50.0,261,86.832755
80.0,440,87.465412
115.0,500,88.221037
200.0,675,89.19215
280.0,749,90.297935
305.0,783,91.470033
55.0,259,91.839356
110.0,393,92.444277
50.0,319,92.911679
165.0,837,94.186279
100.0,504,94.916152
110.0,386,95.49733
60.0,388,96.092769
110.0,478,96.81825
105.0,385,97.391683
110.0,529,98.147047
140.0,464,98.838293
215.0,559,99.66049
530.0,908,101.048446
100.0,479,101.783687
270.0,565,102.642058
140.0,517,103.409362
60.0,413,104.012441
155.0,550,104.844952
120.0,395,105.431883
120.0,491,106.18414
350.0,640,107.158976
105.0,358,107.684929
90.0,487,108.402759
145.0,561,109.237037
425.0,1105,110.906939
400.0,776,112.0866
130.0,554,112.916106
105.0,532,113.710934
145.0,573,114.577643
85.0,514,115.387974
50.0,303,115.805555
70.0,381,116.347724
110.0,396,116.945269
180.0,487,117.68197
165.0,509,118.472682
400.0,964,119.936898
125.0,390,120.516671
145.0,561,121.392107
110.0,412,122.030664
225.0,859,123.321543
160.0,597,124.225904
170.0,493,124.966449
190.0,590,125.838874
65.0,326,126.355685
75.0,289,126.770866
80.0,401,127.376907
95.0,470,128.085976
315.0,998,129.610685
70.0,266,130.003103
270.0,691,131.100568
125.0,600,132.150451
85.0,316,132.63002
140.0,640,133.635002
120.0,495,134.425063
20.0,393,135.037287
100.0,357,135.620365
135.0,487,136.383241
225.0,616,137.362824
75.0,326,137.865283
170.0,516,138.698528
280.0,663,139.731383
120.0,490,140.486654
140.0,480,141.217925
110.0,397,141.87638
120.0,532,142.701685
225.0,684,143.791444
220.0,585,144.736426
385.0,687,145.816557
80.0,364,146.449083
75.0,267,146.886322
55.0,285,147.332145
240.0,621,148.516928
155.0,505,149.325253
215.0,742,150.474472
425.0,1001,152.076414
315.0,634,153.07156
120.0,335,153.586364
335.0,819,154.86133
215.0,725,155.990158
120.0,662,157.077449
315.0,763,158.324652
95.0,277,158.743888
440.0,658,159.808137
475.0,772,161.048091
370.0,738,162.252619
80.0,366,162.814643
230.0,770,164.064054
440.0,749,165.268826
90.0,551,166.163971
120.0,351,166.690727
85.0,380,167.302517
90.0,398,167.905494
425.0,926,169.3519
320.0,699,170.493029
125.0,612,171.477536
80.0,295,171.936566
295.0,612,172.909654
40.0,426,173.594667
65.0,469,174.354606
160.0,430,175.065861
190.0,494,175.874955
220.0,634,176.865074
80.0,270,177.253193
125.0,473,177.986627
160.0,528,178.789363
135.0,611,179.804222
240.0,696,180.901657
120.0,495,181.675152
160.0,651,182.726144
85.0,347,183.250871
505.0,658,184.278153
515.0,881,185.64028
200.0,624,186.613873
60.0,295,187.040071
280.0,788,188.260998
175.0,517,189.049042
140.0,533,189.881106
185.0,562,190.737207
205.0,485,191.4862
135.0,365,192.080327
300.0,602,193.026652
245.0,535,193.886996
75.0,268,194.277764
235.0,891,195.703295
175.0,705,196.829332
470.0,963,198.316918
215.0,500,199.103014
105.0,290,199.561033
75.0,517,200.359333
305.0,751,201.577952
90.0,378,202.217329
100.0,384,202.826118
115.0,593,203.769807
150.0,419,204.4196
285.0,772,205.65043
230.0,644,206.668039
140.0,505,207.483139
535.0,935,208.956566
50.0,462,209.684026
100.0,430,210.359342
105.0,336,210.885257
395.0,973,212.454655
30.0,239,212.821746
200.0,696,213.908042
80.0,303,214.388265
210.0,507,215.214373
185.0,506,215.997525
215.0,535,216.877261
130.0,510,217.679766
50.0,299,218.145117
45.0,261,218.532451
150.0,533,219.366908
320.0,707,220.472651
200.0,503,221.260669
140.0,397,221.891997
250.0,593,222.807597
420.0,1001,224.37959
310.0,1029,226.02342
235.0,584,226.96327
80.0,299,227.440395
285.0,637,228.42302
205.0,720,229.563813
100.0,325,230.043406
50.0,406,230.681
70.0,271,231.087328
85.0,315,231.572081
50.0,369,232.18425
250.0,636,233.193688
170.0,455,233.932174
255.0,694,235.023215
385.0,943,236.532647
135.0,440,237.224028
235.0,608,238.21143
175.0,517,239.042165
230.0,694,240.103685
505.0,772,241.264529
315.0,630,242.269609
80.0,267,242.675066
135.0,474,243.406631
100.0,426,244.048462
140.0,517,244.843074
165.0,532,245.654952
85.0,346,246.178128
170.0,737,247.314463
60.0,413,247.942777
205.0,495,248.698401
115.0,716,249.828791
325.0,787,251.020336
285.0,729,252.151418
40.0,345,252.681766
180.0,443,253.376322
305.0,559,254.265139
140.0,554,255.10301
140.0,415,255.728143
380.0,666,256.747022
80.0,405,257.347535
40.0,365,257.895357
215.0,581,258.773772
175.0,506,259.543881
225.0,623,260.497209
240.0,679,261.55808
440.0,810,262.836235
140.0,382,263.411737
575.0,1009,264.948578
135.0,425,265.587259
225.0,564,266.444575
265.0,786,267.647009
270.0,548,268.493701
80.0,264,268.874406
285.0,788,270.12901
115.0,388,270.729102
75.0,394,271.33771
140.0,402,271.996367
100.0,308,272.484199
70.0,395,273.116074
570.0,972,274.659938
135.0,405,275.30732
150.0,535,276.1637
485.0,560,277.076648
390.0,836,278.365446
675.0,906,279.803971
275.0,548,280.675896
285.0,818,282.017341
175.0,456,282.719486
105.0,295,283.180113
110.0,298,283.636478
545.0,865,284.974977
190.0,563,285.866052
195.0,555,286.743548
65.0,302,287.216624
400.0,591,288.142887
340.0,640,289.124493
195.0,511,289.889549
410.0,897,291.298738
195.0,539,292.164566
170.0,457,292.849622
370.0,794,294.033695
310.0,630,294.972589
185.0,802,296.235979
310.0,622,297.194466
270.0,679,298.234353
220.0,518,299.028832
365.0,731,300.155844
370.0,724,301.269461
95.0,334,301.776719
335.0,625,302.772568
215.0,554,303.626766
155.0,370,304.201482
60.0,288,304.637087
405.0,724,305.731118
55.0,370,306.273215
100.0,372,306.841802
375.0,768,308.024086
175.0,511,308.806349
295.0,702,309.859743
75.0,279,310.26406
230.0,594,311.157826
120.0,398,311.752697
340.0,700,312.843854
330.0,679,313.875638
185.0,361,314.406759
145.0,386,314.998261
260.0,473,315.713454
405.0,803,316.931412
225.0,689,317.966882
315.0,721,319.059275
285.0,741,320.201594
370.0,646,321.175708
170.0,363,321.736182
330.0,840,323.046013
215.0,513,323.837159
260.0,590,324.747594
110.0,386,325.35329
250.0,668,326.401273
400.0,920,327.832877
215.0,508,328.616459
390.0,711,329.703253
175.0,475,330.415211
410.0,831,331.695089
70.0,469,332.424586
250.0,735,333.57286
95.0,393,334.172745
50.0,322,334.646887
265.0,530,335.467675
140.0,414,336.103953
170.0,394,336.719062
105.0,341,337.22666
215.0,676,338.256413
190.0,462,338.952511
225.0,475,339.691125
250.0,532,340.519365
185.0,671,341.572665
175.0,496,342.377872
275.0,668,343.407898
610.0,836,344.680271
115.0,286,345.12603
170.0,379,345.703768
380.0,897,347.082459
100.0,327,347.572716
375.0,885,348.927176
165.0,446,349.623916
50.0,381,350.188246
450.0,673,351.217273
45.0,248,351.561914
65.0,314,352.037127
150.0,371,352.601681
180.0,602,353.533134
125.0,449,354.224892
215.0,531,355.043903
315.0,550,355.878849
385.0,610,356.826437
90.0,271,357.237221
410.0,822,358.478189
375.0,654,359.473492
170.0,519,360.251191
165.0,460,360.945613
155.0,365,361.499991
395.0,852,362.823445
50.0,353,363.362674
130.0,611,364.300879
190.0,537,365.131624
140.0,497,365.881643
70.0,307,366.337537
185.0,516,367.127903
250.0,681,368.182762
420.0,747,369.309532
100.0,494,370.044999
420.0,865,371.376946
245.0,621,372.381809
75.0,321,372.86175
140.0,518,373.653108
225.0,525,374.458981
120.0,297,374.905899
175.0,451,375.600066
245.0,438,376.24509
115.0,546,377.061474
390.0,795,378.242437
270.0,562,379.098523
320.0,665,380.106315
155.0,357,380.63731
375.0,704,381.705245
195.0,556,382.581406
260.0,729,383.694004
415.0,953,385.122189
335.0,625,386.096336
135.0,499,386.836468
245.0,673,387.888807
195.0,628,388.857375
370.0,895,390.229244
300.0,601,391.168513
575.0,676,392.240671
535.0,780,393.444947
260.0,594,394.361157
140.0,277,394.799309
285.0,591,395.708616
255.0,527,396.531188
250.0,538,397.399611
275.0,499,398.183984
255.0,598,399.115684
160.0,517,399.922738
140.0,461,400.613885
115.0,319,401.102244
155.0,429,401.777482
100.0,416,402.429651
335.0,777,403.599085
205.0,543,404.427412
115.0,304,404.873938
440.0,866,406.177291
180.0,621,407.118943
100.0,466,407.823414
165.0,418,408.44017
190.0,506,409.196745
405.0,693,410.255679
210.0,567,411.143212
45.0,293,411.567026
690.0,1013,413.169036
235.0,702,414.270399
130.0,468,414.986331
215.0,607,415.926317
345.0,654,416.95435
235.0,594,417.859935
105.0,298,418.300297
140.0,338,418.805477
200.0,491,419.561917
110.0,357,420.081998
160.0,395,420.676218
225.0,736,421.819176
420.0,730,422.963225
260.0,472,423.686268
95.0,380,424.252633
425.0,858,425.548677
280.0,610,426.497965
285.0,721,427.595019
230.0,399,428.197263
355.0,765,429.364892
245.0,457,430.050513
575.0,752,431.205662
120.0,548,432.054986
485.0,863,433.336439
100.0,317,433.814293
75.0,333,434.325611
600.0,912,435.750282
110.0,292,436.199641
310.0,639,437.197822
470.0,1003,438.729142
230.0,436,439.416744
265.0,587,440.352861
220.0,517,441.169508
235.0,577,442.131485
200.0,393,442.761807
305.0,634,443.760365
380.0,644,444.803934
185.0,389,445.429111
440.0,844,446.72199
120.0,392,447.357261
270.0,470,448.087985
385.0,851,449.414767
145.0,484,450.15489
255.0,517,450.981249
420.0,827,452.294786
270.0,605,453.257727
180.0,467,453.98412
280.0,651,455.015046
205.0,488,455.781028
260.0,637,456.763883
70.0,250,457.132712
160.0,421,457.790709
205.0,553,458.63694
205.0,517,459.432106
320.0,682,460.473777
210.0,422,461.111721
140.0,297,461.55297
180.0,555,462.436034
450.0,616,463.391511
325.0,671,464.410703
250.0,621,465.385047
240.0,538,466.222099
260.0,700,467.293586
225.0,489,468.070805
340.0,615,469.041037
205.0,576,469.910668
30.0,232,470.252437
195.0,414,470.879676
185.0,524,471.698662
260.0,523,472.536714
190.0,478,473.276342
480.0,853,474.570812
195.0,677,475.617368
120.0,308,476.089917
210.0,478,476.835146
205.0,666,477.889075
325.0,770,479.087399
300.0,576,479.984951
310.0,720,481.06409
190.0,419,481.707309
305.0,623,482.709916
170.0,429,483.359539
410.0,749,484.494269
225.0,475,485.215731
105.0,382,485.771059
190.0,597,486.688074
170.0,391,487.29402
275.0,478,488.038562
310.0,469,488.756303
110.0,458,489.474306
135.0,409,490.106601
405.0,734,491.23494
360.0,663,492.291115
165.0,364,492.837186
400.0,667,493.847245
145.0,451,494.52781
280.0,481,495.250968
290.0,620,496.237349
315.0,560,497.094015
485.0,636,498.057514
80.0,313,498.529993
235.0,613,499.450028
160.0,481,500.202355
120.0,420,500.835678
310.0,616,501.780327
300.0,684,502.842279
350.0,559,503.683775
435.0,915,505.087181
265.0,596,506.008696
50.0,349,506.537453
500.0,866,507.866163
245.0,692,508.929973
230.0,581,509.852301
355.0,938,511.341924
260.0,941,512.794814
135.0,320,513.28046
45.0,262,513.657791
65.0,311,514.109369
115.0,399,514.711894
360.0,614,515.6647
190.0,524,516.472593
345.0,692,517.53656
115.0,348,518.056415
185.0,497,518.820305
300.0,644,519.822204
135.0,493,520.582867
155.0,500,521.36447
145.0,377,521.965667
535.0,766,523.173738
300.0,605,524.127526
295.0,692,525.206887
205.0,510,525.995083
245.0,658,527.033096
260.0,631,528.040162
320.0,553,528.877011
170.0,436,529.536741
140.0,364,530.055002
415.0,900,531.412795
190.0,458,532.129688
320.0,574,532.976942
100.0,435,533.621147
130.0,596,534.521277
140.0,420,535.163306
95.0,322,535.641074
190.0,494,536.42608
585.0,856,537.729542
170.0,464,538.419722
645.0,798,539.60981
140.0,321,540.074251
675.0,936,541.509341
635.0,948,542.952232
290.0,602,543.858016
40.0,268,544.23516
120.0,393,544.825771
185.0,436,545.475087
260.0,658,546.465192
205.0,687,547.505727
385.0,683,548.54536
175.0,433,549.216664
400.0,636,550.205382
395.0,813,551.450567
390.0,590,552.392468
115.0,385,552.981242
105.0,266,553.369721
95.0,390,553.946863
340.0,827,555.229154
230.0,481,555.974264
80.0,328,556.469737
265.0,461,557.191084
120.0,510,557.971988
165.0,487,558.732908
350.0,704,559.801248
140.0,323,560.285661
525.0,1008,561.799088
190.0,502,562.585198
360.0,618,563.526189
240.0,674,564.576963
185.0,407,565.189638
240.0,700,566.300822
130.0,298,566.753379
455.0,1091,568.452556
160.0,455,569.164262
545.0,661,570.19251
70.0,285,570.621239
515.0,968,572.118838
275.0,567,573.007312
115.0,384,573.627867
475.0,536,574.482884
360.0,567,575.369933
135.0,383,575.959924
360.0,807,577.199582
135.0,376,577.782025
270.0,443,578.45475
185.0,437,579.133619
290.0,625,580.079952
105.0,353,580.6148
105.0,402,581.22354
375.0,973,582.718138
285.0,645,583.692861
215.0,765,584.860878
270.0,591,585.770758
170.0,423,586.429368
175.0,378,587.030218
550.0,1092,588.660223
185.0,590,589.592365
285.0,556,590.460212
365.0,587,591.357474
245.0,570,592.258294
225.0,394,592.849943
215.0,423,593.481673
715.0,930,594.887516
355.0,735,596.01167
585.0,897,597.362262
485.0,841,598.614377
110.0,361,599.15544
135.0,390,599.754226
255.0,582,600.644459
125.0,311,601.095929
465.0,692,602.186293
80.0,261,602.577978
385.0,736,603.730732
365.0,635,604.690288
355.0,638,605.641222
240.0,477,606.338047
175.0,481,607.04252
75.0,265,607.426116
190.0,472,608.124373
185.0,459,608.821109
120.0,296,609.280118
150.0,696,610.366331
210.0,450,611.056165
100.0,346,611.573713
240.0,577,612.499271
335.0,781,613.69483
170.0,442,614.345762
170.0,393,614.949283
540.0,963,616.387135
225.0,467,617.105204
230.0,573,617.99263
255.0,635,618.989554
140.0,401,619.609662
340.0,659,620.664623
250.0,489,621.425552
325.0,636,622.464324
190.0,393,623.055836
405.0,571,623.937009
200.0,438,624.613757
410.0,637,625.584269
235.0,552,626.428341
425.0,704,627.477652
430.0,834,628.712986
265.0,532,629.544663
440.0,876,630.862746
150.0,506,631.64786
400.0,797,632.911785
570.0,1122,634.613622
480.0,1032,636.166036
215.0,575,637.061979
100.0,263,637.465151
295.0,607,638.385397
250.0,501,639.143087
645.0,828,640.391318
255.0,545,641.226256
185.0,427,641.893835
165.0,346,642.433872
225.0,534,643.250905
150.0,795,644.503619
295.0,648,645.535834
340.0,505,646.301655
390.0,678,647.406173
400.0,572,648.293967
495.0,639,649.294302
555.0,682,650.373469
220.0,445,651.073277
580.0,686,652.170484
570.0,704,653.318711
110.0,362,653.876994
190.0,365,654.40817
230.0,406,655.026928
340.0,721,656.123538
225.0,465,656.819618
80.0,263,657.195353
165.0,494,657.935965
220.0,552,658.779036
295.0,563,659.617191
220.0,450,660.289603
385.0,856,661.587374
455.0,714,662.704762
405.0,822,663.471556
